FID1,IID1,FID2,IID2,RT,EZ,Z0,Z1,Z2,PI_HAT,PHE,DST,PPC,RATIO
MC.154596@1075678759,MC.154596@1075678759,89566,89566,UN,NA,0,0,1,1,-1,0.999991,1,NA
MC.154721@1075641872,MC.154721@1075641872,89643,89643,UN,NA,2e-04,0,0.9998,0.9998,-1,0.999966,1,NA
MC.155172@1075690959,MC.155172@1075690959,89954,89954,UN,NA,0,0,1,1,-1,0.999991,1,NA
MC.155397@1075641582,MC.155397@1075641582,90132,90132,UN,NA,0,0,1,1,-1,0.999974,1,NA
MC.155479@1076254320,MC.155479@1076254320,90206,90206,UN,NA,0,0,1,1,-1,0.999983,1,NA
MC.155613@1075678940,MC.155613@1075678940,90302,90302,UN,NA,0,0,1,1,-1,0.999974,1,NA
MC.155705@1076253441,MC.155705@1076253441,90389,90389,UN,NA,0,1e-04,0.9999,1,-1,0.999983,1,NA
MC.156039@1075680531,MC.156039@1075680531,90660,90660,UN,NA,2e-04,0,0.9998,0.9998,-1,0.999957,1,NA
MC.156271@1075641533,MC.156271@1075641533,90837,90837,UN,NA,0,0,1,1,-1,0.999991,1,NA
MC.157104@1075690906,MC.157104@1075690906,91399,91399,UN,NA,0,0,1,1,-1,0.999983,1,NA
MC.157123@1075680344,MC.157123@1075680344,91421,91421,UN,NA,0,1e-04,0.9999,1,-1,0.999983,1,NA
MC.157652@1075677185,MC.157652@1075677185,89579,89579,UN,NA,0,0,1,1,-1,0.999983,1,3832
MC.159637@1075680627,MC.159637@1075680627,90548,90548,UN,NA,0,1e-04,0.9999,1,-1,0.999983,1,NA
MC.159741@1075690463,MC.159741@1075690463,90581,90581,UN,NA,0,1e-04,0.9999,0.9999,-1,0.999974,1,NA
MC.160290@1075641559,MC.160290@1075641559,89769,89769,UN,NA,0,0,1,1,-1,0.999974,1,NA
MC.AMD100002@0123890390,MC.AMD100002@0123890390,89757,89757,UN,NA,0,0,1,1,-1,0.999974,1,NA
MC.AMD100017@0123889350,MC.AMD100017@0123889350,89822,89822,UN,NA,0,0,1,1,-1,0.999983,1,NA
MC.AMD100108@0123908431,MC.AMD100108@0123908431,90041,90041,UN,NA,0,0,1,1,-1,0.999991,1,NA
MC.AMD100109@0123890936,MC.AMD100109@0123890936,89455,89455,UN,NA,0,0,1,1,-1,0.999991,1,NA
MC.AMD100114@0124013751,MC.AMD100114@0124013751,90645,90645,UN,NA,0,0,1,1,-1,0.999983,1,NA
MC.AMD100127@0124013734,MC.AMD100127@0124013734,90434,90434,UN,NA,0,0,1,1,-1,0.999974,1,3792
MC.AMD100142@0123911452,MC.AMD100142@0123911452,90091,90091,UN,NA,0,0,1,1,-1,0.999991,1,NA
MC.AMD100160@0123910520,MC.AMD100160@0123910520,90042,90042,UN,NA,0,2e-04,0.9998,0.9999,-1,0.999966,1,NA
MC.AMD100161@0123911337,MC.AMD100161@0123911337,91168,91168,UN,NA,0,0,1,1,-1,0.999974,1,NA
MC.AMD100169@0123890913,MC.AMD100169@0123890913,90819,90819,UN,NA,0,0,1,1,-1,0.999974,1,NA
MC.AMD100187@0123911594,MC.AMD100187@0123911594,89740,89740,UN,NA,0,0,1,1,-1,0.999991,1,NA
MC.AMD100188@0123890314,MC.AMD100188@0123890314,91063,91063,UN,NA,0,0,1,1,-1,0.999974,1,NA
MC.AMD100190@0123911701,MC.AMD100190@0123911701,89988,89988,UN,NA,0,1e-04,0.9999,1,-1,0.999983,1,NA
MC.AMD100204@0123889417,MC.AMD100204@0123889417,90818,90818,UN,NA,0,0,1,1,-1,0.999974,1,NA
MC.AMD100229@0123911443,MC.AMD100229@0123911443,91244,91244,UN,NA,0,0,1,1,-1,0.999974,1,3807
MC.AMD100238@0123861750,MC.AMD100238@0123861750,90129,90129,UN,NA,0,0,1,1,-1,0.999991,1,NA
MC.AMD100246@0124010891,MC.AMD100246@0124010891,90021,90021,UN,NA,0,0,1,1,-1,0.999991,1,NA
MC.AMD100254@0124011278,MC.AMD100254@0124011278,90059,90059,UN,NA,0,1e-04,0.9999,1,-1,0.999983,1,NA
MC.AMD100265@0123911254,MC.AMD100265@0123911254,91358,91358,UN,NA,0,0,1,1,-1,0.999983,1,NA
MC.AMD100284@0124011496,MC.AMD100284@0124011496,91263,91263,UN,NA,2e-04,1e-04,0.9997,0.9997,-1,0.999914,1,NA
MC.AMD100306@0123909517,MC.AMD100306@0123909517,91293,91293,UN,NA,2e-04,2e-04,0.9996,0.9997,-1,0.999897,1,NA
MC.AMD100307@0123908444,MC.AMD100307@0123908444,89952,89952,UN,NA,0,1e-04,0.9999,1,-1,0.999983,1,NA
MC.AMD100321@0123909882,MC.AMD100321@0123909882,90579,90579,UN,NA,0,0,1,1,-1,0.999991,1,NA
MC.AMD100327@0123861397,MC.AMD100327@0123861397,90685,90685,UN,NA,0,0,1,1,-1,0.999983,1,NA
MC.AMD100337@0123890350,MC.AMD100337@0123890350,90140,90140,UN,NA,0,1e-04,0.9999,0.9999,-1,0.999974,1,NA
MC.AMD100358@0123861693,MC.AMD100358@0123861693,89342,89342,UN,NA,0,0,1,1,-1,0.999983,1,3811
MC.AMD100372@0123910197,MC.AMD100372@0123910197,91204,91204,UN,NA,0,0,1,1,-1,0.999983,1,NA
MC.AMD100385@0123861086,MC.AMD100385@0123861086,90897,90897,UN,NA,0,0,1,1,-1,0.999983,1,3822
MC.AMD100388@0123911262,MC.AMD100388@0123911262,90782,90782,UN,NA,0,0,1,1,-1,0.999983,1,NA
MC.AMD100389@0123911269,MC.AMD100389@0123911269,89425,89425,UN,NA,0,0,1,1,-1,1,1,NA
MC.AMD100407@0123861353,MC.AMD100407@0123861353,91163,91163,UN,NA,0,0,1,1,-1,0.999983,1,NA
MC.AMD100413@0123911640,MC.AMD100413@0123911640,89511,89511,UN,NA,0,0,1,1,-1,1,1,NA
MC.AMD100436@0123911502,MC.AMD100436@0123911502,89666,89666,UN,NA,0,1e-04,0.9999,1,-1,0.999983,1,NA
MC.AMD100452@0123890849,MC.AMD100452@0123890849,89495,89495,UN,NA,0,0,1,1,-1,0.999991,1,NA
MC.AMD100456@0123911214,MC.AMD100456@0123911214,89847,89847,UN,NA,0,0,1,1,-1,1,1,NA
MC.AMD100465@0123890559,MC.AMD100465@0123890559,90477,90477,UN,NA,0,0,1,1,-1,0.999991,1,NA
MC.AMD100467@0123890380,MC.AMD100467@0123890380,91279,91279,UN,NA,2e-04,0,0.9998,0.9998,-1,0.999966,1,NA
MC.AMD100507@0123909587,MC.AMD100507@0123909587,89652,89652,UN,NA,0,9e-04,0.9991,0.9995,-1,0.999837,1,NA
MC.AMD100513@0123889423,MC.AMD100513@0123889423,90327,90327,UN,NA,0,0,1,1,-1,0.999974,1,NA
MC.AMD100525@0123889996,MC.AMD100525@0123889996,90379,90379,UN,NA,0,0,1,1,-1,0.999991,1,NA
MC.AMD100531@0123860932,MC.AMD100531@0123860932,89414,89414,UN,NA,0,1e-04,0.9999,1,-1,0.999983,1,NA
MC.AMD100541@0123890528,MC.AMD100541@0123890528,90236,90236,UN,NA,0,0,1,1,-1,0.999983,1,NA
MC.AMD100558@0123909059,MC.AMD100558@0123909059,89932,89932,UN,NA,0,0,1,1,-1,0.999983,1,NA
MC.AMD100569@0123889772,MC.AMD100569@0123889772,91327,91327,UN,NA,0,0,1,1,-1,0.999991,1,NA
MC.AMD100574@0123910240,MC.AMD100574@0123910240,91305,91305,UN,NA,0,0,1,1,-1,0.999991,1,NA
MC.AMD100578@0123908976,MC.AMD100578@0123908976,90853,90853,UN,NA,0,0,1,1,-1,0.999991,1,NA
MC.AMD100590@0124011257,MC.AMD100590@0124011257,90811,90811,UN,NA,0,0,1,1,-1,0.999983,1,NA
MC.AMD100593@0123890317,MC.AMD100593@0123890317,90545,90545,UN,NA,2e-04,0,0.9998,0.9998,-1,0.999966,1,NA
MC.AMD100613@0124014831,MC.AMD100613@0124014831,90100,90100,UN,NA,0,1e-04,0.9999,0.9999,-1,0.999974,1,NA
MC.AMD100634@0123910929,MC.AMD100634@0123910929,90605,90605,UN,NA,0,0,1,1,-1,0.999974,1,NA
MC.AMD100650@0123860972,MC.AMD100650@0123860972,90025,90025,UN,NA,0,0,1,1,-1,0.999991,1,NA
MC.AMD100668@0123861608,MC.AMD100668@0123861608,89393,89393,UN,NA,0,0,1,1,-1,0.999983,1,NA
MC.AMD100708@0124011245,MC.AMD100708@0124011245,90500,90500,UN,NA,0,0,1,1,-1,1,1,NA
MC.AMD100726@0123861247,MC.AMD100726@0123861247,89761,89761,UN,NA,0,0,1,1,-1,0.999974,1,NA
MC.AMD100729@0123889309,MC.AMD100729@0123889309,90925,90925,UN,NA,2e-04,0,0.9998,0.9998,-1,0.99994,1,NA
MC.AMD100737@0124013693,MC.AMD100737@0124013693,90891,90891,UN,NA,0,1e-04,0.9999,1,-1,0.999983,1,NA
MC.AMD100748@0123890584,MC.AMD100748@0123890584,89963,89963,UN,NA,2e-04,0,0.9998,0.9998,-1,0.999966,1,NA
MC.AMD100758@0123861534,MC.AMD100758@0123861534,91055,91055,UN,NA,0,0,1,1,-1,0.999991,1,NA
MC.AMD100766@0123890547,MC.AMD100766@0123890547,90505,90505,UN,NA,0,0,1,1,-1,0.999983,1,NA
MC.AMD100772@0123908983,MC.AMD100772@0123908983,90965,90965,UN,NA,2e-04,0,0.9998,0.9998,-1,0.999966,1,NA
MC.AMD100776@0123889530,MC.AMD100776@0123889530,89805,89805,UN,NA,0,0,1,1,-1,0.999991,1,NA
MC.AMD100778@0123890942,MC.AMD100778@0123890942,89986,89986,UN,NA,0,2e-04,0.9998,0.9999,-1,0.999957,1,NA
MC.AMD100780@0123909192,MC.AMD100780@0123909192,90848,90848,UN,NA,2e-04,0,0.9998,0.9998,-1,0.999931,1,NA
MC.AMD100787@0124014895,MC.AMD100787@0124014895,89482,89482,UN,NA,0,0,1,1,-1,0.999991,1,NA
MC.AMD100796@0123910496,MC.AMD100796@0123910496,90719,90719,UN,NA,0,0,1,1,-1,0.999983,1,NA
MC.AMD100813@0123890258,MC.AMD100813@0123890258,90898,90898,UN,NA,0,2e-04,0.9998,0.9999,-1,0.999957,1,NA
MC.AMD100823@0123860976,MC.AMD100823@0123860976,90461,90461,UN,NA,2e-04,0,0.9998,0.9998,-1,0.999966,1,NA
MC.AMD100845@0123861436,MC.AMD100845@0123861436,91052,91052,UN,NA,0,2e-04,0.9998,0.9999,-1,0.999966,1,NA
MC.AMD100861@0123861316,MC.AMD100861@0123861316,91423,91423,UN,NA,0,1e-04,0.9999,1,-1,0.999983,1,NA
MC.AMD100864@0123860979,MC.AMD100864@0123860979,89637,89637,UN,NA,0,1e-04,0.9999,0.9999,-1,0.999974,1,NA
MC.AMD100872@0123890519,MC.AMD100872@0123890519,90162,90162,UN,NA,0,0,1,1,-1,0.999983,1,3792
MC.AMD100880@0123861308,MC.AMD100880@0123861308,90294,90294,UN,NA,0,2e-04,0.9998,0.9999,-1,0.999966,1,NA
MC.AMD100882@0124014873,MC.AMD100882@0124014873,91230,91230,UN,NA,2e-04,0,0.9998,0.9998,-1,0.999966,1,NA
MC.AMD100916@0123889375,MC.AMD100916@0123889375,89895,89895,UN,NA,0,0,1,1,-1,0.999991,1,NA
MC.AMD100919@0123908275,MC.AMD100919@0123908275,90910,90910,UN,NA,0,0,1,1,-1,0.999974,1,NA
MC.AMD100926@0123861698,MC.AMD100926@0123861698,90542,90542,UN,NA,0,0,1,1,-1,0.999974,1,NA
MC.AMD100940@0123890254,MC.AMD100940@0123890254,90475,90475,UN,NA,0,0,1,1,-1,0.999991,1,NA
MC.AMD100947@0124010085,MC.AMD100947@0124010085,90971,90971,UN,NA,0,1e-04,0.9999,1,-1,0.999983,1,NA
MC.AMD100958@0123890338,MC.AMD100958@0123890338,89981,89981,UN,NA,0,0,1,1,-1,0.999991,1,NA
MC.AMD100973@0123909242,MC.AMD100973@0123909242,90170,90170,UN,NA,0,0,1,1,-1,0.999991,1,NA
MC.AMD100977@0123909284,MC.AMD100977@0123909284,90027,90027,UN,NA,0,0,1,1,-1,0.999974,1,NA
MC.AMD100979@0123890466,MC.AMD100979@0123890466,90017,90017,UN,NA,0,0,1,1,-1,0.999991,1,NA
MC.AMD100995@0123890758,MC.AMD100995@0123890758,91056,91056,UN,NA,0,1e-04,0.9999,1,-1,0.999983,1,NA
MC.AMD101002@0123861191,MC.AMD101002@0123861191,91067,91067,UN,NA,0,0,1,1,-1,0.999983,1,3792
MC.AMD101040@0123861557,MC.AMD101040@0123861557,91195,91195,UN,NA,0,0,1,1,-1,1,1,NA
MC.AMD101052@0123889481,MC.AMD101052@0123889481,90359,90359,UN,NA,0,0,1,1,-1,0.999991,1,NA
MC.AMD101073@0123861011,MC.AMD101073@0123861011,90663,90663,UN,NA,0,0,1,1,-1,0.999974,1,NA
MC.AMD101087@0123909071,MC.AMD101087@0123909071,90120,90120,UN,NA,0,1e-04,0.9999,1,-1,0.999983,1,NA
MC.AMD101127@0123890470,MC.AMD101127@0123890470,89557,89557,UN,NA,0,1e-04,0.9999,0.9999,-1,0.999974,1,NA
MC.AMD101128@0123890924,MC.AMD101128@0123890924,89529,89529,UN,NA,0,1e-04,0.9999,1,-1,0.999983,1,NA
MC.AMD101136@0123911240,MC.AMD101136@0123911240,90497,90497,UN,NA,0,0,1,1,-1,0.999991,1,NA
MC.AMD101142@0124011303,MC.AMD101142@0124011303,91136,91136,UN,NA,0,0,1,1,-1,0.999991,1,NA
MC.AMD101164@0123890889,MC.AMD101164@0123890889,90948,90948,UN,NA,0,0,1,1,-1,0.999983,1,NA
MC.AMD101165@0123909350,MC.AMD101165@0123909350,90504,90504,UN,NA,0,1e-04,0.9999,0.9999,-1,0.999974,1,NA
MC.AMD101192@0123911261,MC.AMD101192@0123911261,91333,91333,UN,NA,0,0,1,1,-1,0.999983,1,NA
MC.AMD101206@0123908311,MC.AMD101206@0123908311,90576,90576,UN,NA,0,0,1,1,-1,0.999974,1,3796
MC.AMD101211@0123890928,MC.AMD101211@0123890928,91413,91413,UN,NA,0,0,1,1,-1,0.999983,1,NA
MC.AMD101212@0123911413,MC.AMD101212@0123911413,90523,90523,UN,NA,0,0,1,1,-1,0.999991,1,NA
MC.AMD101214@0123909366,MC.AMD101214@0123909366,91171,91171,UN,NA,0,1e-04,0.9999,1,-1,0.999983,1,NA
MC.AMD101225@0123890587,MC.AMD101225@0123890587,89367,89367,UN,NA,0,1e-04,0.9999,1,-1,0.999983,1,NA
MC.AMD101240@0123861615,MC.AMD101240@0123861615,90946,90946,UN,NA,0,0,1,1,-1,0.999983,1,3800
MC.AMD101252@0123861794,MC.AMD101252@0123861794,89588,89588,UN,NA,0,0,1,1,-1,0.999991,1,NA
MC.AMD101266@0123908985,MC.AMD101266@0123908985,89923,89923,UN,NA,0,1e-04,0.9999,1,-1,0.999983,1,NA
MC.AMD101294@0123908270,MC.AMD101294@0123908270,90174,90174,UN,NA,0,8e-04,0.9992,0.9996,-1,0.999853,1,NA
MC.AMD101300@0123909826,MC.AMD101300@0123909826,91122,91122,UN,NA,0,0,1,1,-1,0.999983,1,NA
MC.AMD101308@0123911585,MC.AMD101308@0123911585,90325,90325,UN,NA,0,0,1,1,-1,0.999983,1,NA
MC.AMD101336@0123890532,MC.AMD101336@0123890532,89397,89397,UN,NA,0,0,1,1,-1,0.999974,1,NA
MC.AMD101351@0123911470,MC.AMD101351@0123911470,90730,90730,UN,NA,0,1e-04,0.9999,1,-1,0.999983,1,NA
MC.AMD101396@0123861806,MC.AMD101396@0123861806,90297,90297,UN,NA,0,0,1,1,-1,0.999983,1,NA
MC.AMD101408@0123861286,MC.AMD101408@0123861286,90476,90476,UN,NA,0,0,1,1,-1,0.999974,1,NA
MC.AMD101414@0123861359,MC.AMD101414@0123861359,90867,90867,UN,NA,0,0,1,1,-1,0.999983,1,NA
MC.AMD101417@0123861135,MC.AMD101417@0123861135,89541,89541,UN,NA,0,0,1,1,-1,0.999974,1,NA
MC.AMD101424@0123909198,MC.AMD101424@0123909198,89662,89662,UN,NA,0,0,1,1,-1,0.999991,1,NA
MC.AMD101427@0123861795,MC.AMD101427@0123861795,89389,89389,UN,NA,0,0,1,1,-1,1,1,NA
MC.AMD101450@0123908262,MC.AMD101450@0123908262,89780,89780,UN,NA,0,0,1,1,-1,0.999974,1,3774
MC.AMD101452@0124014817,MC.AMD101452@0124014817,91303,91303,UN,NA,0,0,1,1,-1,0.999974,1,NA
MC.AMD101454@0123861121,MC.AMD101454@0123861121,90721,90721,UN,NA,0,0,1,1,-1,0.999974,1,NA
MC.AMD101455@0123861496,MC.AMD101455@0123861496,91331,91331,UN,NA,0,0,1,1,-1,0.999991,1,NA
MC.AMD101469@0123861468,MC.AMD101469@0123861468,91391,91391,UN,NA,0,0,1,1,-1,0.999974,1,3804
MC.AMD101491@0123861809,MC.AMD101491@0123861809,90222,90222,UN,NA,0,0,1,1,-1,0.999983,1,NA
MC.AMD101529@0123861508,MC.AMD101529@0123861508,91150,91150,UN,NA,0,0,1,1,-1,0.999983,1,NA
MC.AMD101558@0124013699,MC.AMD101558@0124013699,90412,90412,UN,NA,0,0,1,1,-1,0.999991,1,NA
MC.AMD101565@0123861742,MC.AMD101565@0123861742,91167,91167,UN,NA,0,0,1,1,-1,0.999974,1,3805
MC.AMD101579@0123861119,MC.AMD101579@0123861119,89893,89893,UN,NA,0,0,1,1,-1,0.999983,1,NA
MC.AMD101598@0124009915,MC.AMD101598@0124009915,89918,89918,UN,NA,0,0,1,1,-1,0.999966,1,3827
MC.AMD101633@0123890911,MC.AMD101633@0123890911,90223,90223,UN,NA,0,0,1,1,-1,0.999974,1,3780
MC.AMD101636@0123907263,MC.AMD101636@0123907263,90857,90857,UN,NA,0,1e-04,0.9999,1,-1,0.999983,1,NA
MC.AMD101639@0123861690,MC.AMD101639@0123861690,90152,90152,UN,NA,0,1e-04,0.9999,1,-1,0.999983,1,NA
MC.AMD101649@0123908790,MC.AMD101649@0123908790,91319,91319,UN,NA,0,1e-04,0.9999,1,-1,0.999983,1,NA
MC.AMD101651@0123861103,MC.AMD101651@0123861103,91169,91169,UN,NA,0,0,1,1,-1,1,1,NA
MC.AMD101665@0123890515,MC.AMD101665@0123890515,89575,89575,UN,NA,0,0,1,1,-1,0.999991,1,NA
MC.AMD101681@0124010150,MC.AMD101681@0124010150,91049,91049,UN,NA,0,0,1,1,-1,0.999974,1,3778
MC.AMD101687@0123909001,MC.AMD101687@0123909001,91209,91209,UN,NA,0,0,1,1,-1,0.999974,1,NA
MC.AMD101689@0123889501,MC.AMD101689@0123889501,91200,91200,UN,NA,0,1e-04,0.9999,1,-1,0.999983,1,NA
MC.AMD101703@0123889398,MC.AMD101703@0123889398,90102,90102,UN,NA,0,0,1,1,-1,1,1,NA
MC.AMD101712@0123910860,MC.AMD101712@0123910860,90785,90785,UN,NA,0,0,1,1,-1,0.999991,1,NA
MC.AMD101718@0123909818,MC.AMD101718@0123909818,91223,91223,UN,NA,0,0,1,1,-1,0.999991,1,NA
MC.AMD101719@0123910942,MC.AMD101719@0123910942,90639,90639,UN,NA,0,0,1,1,-1,0.999974,1,NA
MC.AMD101725@0123861878,MC.AMD101725@0123861878,91149,91149,UN,NA,0,0,1,1,-1,0.999983,1,NA
MC.AMD101739@0124011363,MC.AMD101739@0124011363,90649,90649,UN,NA,0,0,1,1,-1,1,1,NA
MC.AMD101747@0123861725,MC.AMD101747@0123861725,90098,90098,UN,NA,0,0,1,1,-1,0.999974,1,NA
MC.AMD101768@0124011005,MC.AMD101768@0124011005,90563,90563,UN,NA,0,0,1,1,-1,0.999974,1,NA
MC.AMD101778@0123890738,MC.AMD101778@0123890738,90159,90159,UN,NA,0,0,1,1,-1,0.999991,1,NA
MC.AMD101785@0123861746,MC.AMD101785@0123861746,89581,89581,UN,NA,0,0,1,1,-1,0.999983,1,NA
MC.AMD101794@0123889999,MC.AMD101794@0123889999,90913,90913,UN,NA,0,0,1,1,-1,0.999983,1,3795
MC.AMD101810@0123861136,MC.AMD101810@0123861136,89596,89596,UN,NA,0,0,1,1,-1,1,1,NA
MC.AMD101813@0123908841,MC.AMD101813@0123908841,90742,90742,UN,NA,0,1e-04,0.9999,1,-1,0.999983,1,NA
MC.AMD101829@0124011188,MC.AMD101829@0124011188,89671,89671,UN,NA,0,1e-04,0.9999,1,-1,0.999983,1,NA
MC.AMD101833@0123861118,MC.AMD101833@0123861118,89889,89889,UN,NA,0,0,1,1,-1,0.999991,1,NA
MC.AMD101835@0123859628,MC.AMD101835@0123859628,90006,90006,UN,NA,0,1e-04,0.9999,1,-1,0.999983,1,NA
MC.AMD101874@0124013696,MC.AMD101874@0124013696,89755,89755,UN,NA,0,0,1,1,-1,0.999991,1,NA
MC.AMD101876@0123861716,MC.AMD101876@0123861716,89515,89515,UN,NA,0,0,1,1,-1,1,1,NA
MC.AMD101889@0123861548,MC.AMD101889@0123861548,90076,90076,UN,NA,0,0,1,1,-1,0.999974,1,NA
MC.AMD101890@0123911559,MC.AMD101890@0123911559,90554,90554,UN,NA,0,0,1,1,-1,0.999991,1,NA
MC.AMD101892@0124014840,MC.AMD101892@0124014840,89674,89674,UN,NA,0,0,1,1,-1,0.999983,1,NA
MC.AMD101909@0124011367,MC.AMD101909@0124011367,90766,90766,UN,NA,0,0,1,1,-1,0.999974,1,NA
MC.AMD101910@0123890574,MC.AMD101910@0123890574,89391,89391,UN,NA,0,0,1,1,-1,0.999974,1,3806
MC.AMD101917@0124010885,MC.AMD101917@0124010885,91284,91284,UN,NA,0,0,1,1,-1,0.999974,1,3771
MC.AMD101924@0124014874,MC.AMD101924@0124014874,91213,91213,UN,NA,0,1e-04,0.9999,1,-1,0.999983,1,NA
MC.AMD101932@0123861547,MC.AMD101932@0123861547,90899,90899,UN,NA,0,1e-04,0.9999,1,-1,0.999983,1,NA
MC.AMD101947@0123910902,MC.AMD101947@0123910902,90449,90449,UN,NA,0,0,1,1,-1,0.999974,1,NA
MC.AMD101949@0123890507,MC.AMD101949@0123890507,90975,90975,UN,NA,0,0,1,1,-1,0.999957,1,NA
MC.AMD102002@0123908761,MC.AMD102002@0123908761,89935,89935,UN,NA,0,0,1,1,-1,0.999991,1,NA
MC.AMD102023@0123861279,MC.AMD102023@0123861279,90747,90747,UN,NA,2e-04,0,0.9998,0.9998,-1,0.999966,1,NA
MC.AMD102056@0123861546,MC.AMD102056@0123861546,91318,91318,UN,NA,0,0,1,1,-1,0.999974,1,3779
MC.AMD102083@0124011031,MC.AMD102083@0124011031,90210,90210,UN,NA,0,0,1,1,-1,0.999991,1,NA
MC.AMD102095@0124013744,MC.AMD102095@0124013744,91164,91164,UN,NA,0,1e-04,0.9999,1,-1,0.999983,1,NA
MC.AMD102118@0123859618,MC.AMD102118@0123859618,89837,89837,UN,NA,0,0,1,1,-1,0.999983,1,3777
MC.AMD102122@0124014856,MC.AMD102122@0124014856,90407,90407,UN,NA,0,0,1,1,-1,0.999983,1,NA
MC.AMD102127@0124014875,MC.AMD102127@0124014875,90998,90998,UN,NA,0,0,1,1,-1,0.999974,1,NA
MC.AMD102156@0124013712,MC.AMD102156@0124013712,90990,90990,UN,NA,0,0,1,1,-1,0.999983,1,NA
MC.AMD102200@0124013692,MC.AMD102200@0124013692,89447,89447,UN,NA,0,0,1,1,-1,0.999974,1,NA
MC.AMD102207@0124010892,MC.AMD102207@0124010892,90070,90070,UN,NA,0,0,1,1,-1,1,1,NA
MC.AMD102210@0123890712,MC.AMD102210@0123890712,89819,89819,UN,NA,0,1e-04,0.9999,0.9999,-1,0.999974,1,NA
MC.AMD102231@0123861006,MC.AMD102231@0123861006,90945,90945,UN,NA,0,1e-04,0.9999,1,-1,0.999983,1,NA
MC.AMD102237@0123911434,MC.AMD102237@0123911434,90355,90355,UN,NA,2e-04,0,0.9998,0.9998,-1,0.999966,1,NA
MC.AMD102299@0123890938,MC.AMD102299@0123890938,91369,91369,UN,NA,0,0.0033,0.9967,0.9984,-1,0.999413,1,NA
MC.AMD102306@0124013430,MC.AMD102306@0124013430,90604,90604,UN,NA,0,0,1,1,-1,0.999966,1,3807
MC.AMD102313@0124014830,MC.AMD102313@0124014830,91118,91118,UN,NA,0,0,1,1,-1,0.999991,1,NA
MC.AMD102381@0123909034,MC.AMD102381@0123909034,91367,91367,UN,NA,0,0,1,1,-1,0.999983,1,3798
MC.AMD102396@0123861531,MC.AMD102396@0123861531,90300,90300,UN,NA,0,0,1,1,-1,0.999991,1,NA
MC.AMD102397@0123909110,MC.AMD102397@0123909110,91134,91134,UN,NA,0,0,1,1,-1,0.999983,1,NA
MC.AMD102427@0123861019,MC.AMD102427@0123861019,91315,91315,UN,NA,0,0,1,1,-1,0.999974,1,NA
MC.AMD102433@0123861053,MC.AMD102433@0123861053,90482,90482,UN,NA,0,1e-04,0.9999,1,-1,0.999983,1,NA
MC.AMD102448@0124014848,MC.AMD102448@0124014848,90592,90592,UN,NA,0,0,1,1,-1,0.999983,1,NA
MC.AMD102462@0124014832,MC.AMD102462@0124014832,90552,90552,UN,NA,2e-04,0,0.9998,0.9998,-1,0.999957,1,3809
MC.AMD102499@0123889771,MC.AMD102499@0123889771,89461,89461,UN,NA,0,0,1,1,-1,0.999991,1,NA
MC.AMD102500@0124010093,MC.AMD102500@0124010093,90262,90262,UN,NA,0,0,1,1,-1,0.999991,1,NA
MC.AMD102512@0123890458,MC.AMD102512@0123890458,91297,91297,UN,NA,0,0,1,1,-1,0.999991,1,NA
MC.AMD102520@0124011162,MC.AMD102520@0124011162,91326,91326,UN,NA,0,0,1,1,-1,0.999974,1,NA
MC.AMD102522@0123861487,MC.AMD102522@0123861487,90858,90858,UN,NA,0,0,1,1,-1,0.999991,1,NA
MC.AMD102539@0123909027,MC.AMD102539@0123909027,89705,89705,UN,NA,0,1e-04,0.9999,0.9999,-1,0.999974,1,NA
MC.AMD102546@0123910516,MC.AMD102546@0123910516,90677,90677,UN,NA,0,1e-04,0.9999,1,-1,0.999983,1,NA
MC.AMD102568@0123861854,MC.AMD102568@0123861854,90329,90329,UN,NA,2e-04,5e-04,0.9992,0.9995,-1,0.999837,1,3811
MC.AMD102580@0123889936,MC.AMD102580@0123889936,90900,90900,UN,NA,0,0,1,1,-1,0.999983,1,NA
MC.AMD102597@0123890950,MC.AMD102597@0123890950,91173,91173,UN,NA,0,0,1,1,-1,0.999983,1,NA
MC.AMD102605@0123909316,MC.AMD102605@0123909316,90137,90137,UN,NA,0,0,1,1,-1,0.999991,1,NA
MC.AMD102609@0123890890,MC.AMD102609@0123890890,91269,91269,UN,NA,0,0,1,1,-1,0.999966,1,3802
MC.AMD102709@0123911493,MC.AMD102709@0123911493,90392,90392,UN,NA,0,1e-04,0.9999,1,-1,0.999983,1,NA
MC.AMD102715@0123909847,MC.AMD102715@0123909847,89665,89665,UN,NA,0,0,1,1,-1,1,1,NA
MC.AMD102766@0123911265,MC.AMD102766@0123911265,90845,90845,UN,NA,0,0,1,1,-1,0.999974,1,NA
MC.AMD102777@0123909297,MC.AMD102777@0123909297,89706,89706,UN,NA,0,2e-04,0.9998,0.9999,-1,0.999957,1,NA
MC.AMD102805@0124011145,MC.AMD102805@0124011145,89548,89548,UN,NA,0,0,1,1,-1,1,1,NA
MC.AMD102822@0123909856,MC.AMD102822@0123909856,90178,90178,UN,NA,0,0,1,1,-1,0.999991,1,NA
MC.AMD102860@0124011168,MC.AMD102860@0124011168,90373,90373,UN,NA,0,1e-04,0.9999,1,-1,0.999983,1,NA
MC.AMD102919@0124013722,MC.AMD102919@0124013722,89582,89582,UN,NA,0,0,1,1,-1,0.999983,1,NA
MC.AMD102940@0123861500,MC.AMD102940@0123861500,90940,90940,UN,NA,0,0,1,1,-1,0.999983,1,NA
MC.AMD102944@0123861080,MC.AMD102944@0123861080,89738,89738,UN,NA,0,0,1,1,-1,0.999991,1,NA
MC.AMD102956@0123890449,MC.AMD102956@0123890449,90795,90795,UN,NA,0,0,1,1,-1,0.999974,1,NA
MC.AMD102975@0123861826,MC.AMD102975@0123861826,89649,89649,UN,NA,0,0,1,1,-1,0.999983,1,3784
MC.AMD102991@0123908931,MC.AMD102991@0123908931,90157,90157,UN,NA,0,0,1,1,-1,0.999991,1,NA
MC.AMD103010@0123861415,MC.AMD103010@0123861415,89725,89725,UN,NA,0,1e-04,0.9999,1,-1,0.999983,1,NA
MC.AMD103023@0123911555,MC.AMD103023@0123911555,90184,90184,UN,NA,0,0,1,1,-1,0.999991,1,NA
MC.AMD103032@0123909554,MC.AMD103032@0123909554,90881,90881,UN,NA,0,0,1,1,-1,0.999957,1,3811
MC.AMD103034@0123861015,MC.AMD103034@0123861015,90549,90549,UN,NA,0,0,1,1,-1,0.999983,1,NA
MC.AMD103041@0123909865,MC.AMD103041@0123909865,91418,91418,UN,NA,0,0,1,1,-1,0.999991,1,NA
MC.AMD103069@0124009899,MC.AMD103069@0124009899,90544,90544,UN,NA,0,0,1,1,-1,1,1,NA
MC.AMD103074@0123861621,MC.AMD103074@0123861621,90387,90387,UN,NA,0,1e-04,0.9999,1,-1,0.999983,1,NA
MC.AMD103075@0124011306,MC.AMD103075@0124011306,90092,90092,UN,NA,0,0,1,1,-1,0.999991,1,NA
MC.AMD103079@0124011500,MC.AMD103079@0124011500,90931,90931,UN,NA,2e-04,0.0014,0.9983,0.999,-1,0.999673,1,NA
MC.AMD103081@0123908763,MC.AMD103081@0123908763,89456,89456,UN,NA,0,0,1,1,-1,0.999983,1,NA
MC.AMD103103@0123861454,MC.AMD103103@0123861454,91154,91154,UN,NA,0,0,1,1,-1,0.999991,1,NA
MC.AMD103104@0123861245,MC.AMD103104@0123861245,89402,89402,UN,NA,0,0,1,1,-1,0.999983,1,NA
MC.AMD103114@0124010932,MC.AMD103114@0124010932,89856,89856,UN,NA,0,3e-04,0.9997,0.9999,-1,0.999948,1,NA
MC.AMD103129@0123909008,MC.AMD103129@0123909008,91009,91009,UN,NA,0,0,1,1,-1,0.999991,1,NA
MC.AMD103132@0124011541,MC.AMD103132@0124011541,91371,91371,UN,NA,0,0,1,1,-1,0.999974,1,3813
MC.AMD103174@0123861565,MC.AMD103174@0123861565,89845,89845,UN,NA,0,0,1,1,-1,0.999974,1,NA
MC.AMD103183@0123890639,MC.AMD103183@0123890639,89617,89617,UN,NA,0,0,1,1,-1,0.999991,1,NA
MC.AMD103190@0123908753,MC.AMD103190@0123908753,89648,89648,UN,NA,0,0,1,1,-1,1,1,NA
MC.AMD103192@0123889435,MC.AMD103192@0123889435,90778,90778,UN,NA,0,3e-04,0.9997,0.9999,-1,0.999949,1,NA
MC.AMD103216@0124011102,MC.AMD103216@0124011102,89683,89683,UN,NA,0,0,1,1,-1,0.999991,1,NA
MC.AMD103243@0123910920,MC.AMD103243@0123910920,90575,90575,UN,NA,0,0,1,1,-1,0.999983,1,NA
MC.AMD103255@0124008410,MC.AMD103255@0124008410,90133,90133,UN,NA,0,0,1,1,-1,1,1,NA
MC.AMD103289@0124011180,MC.AMD103289@0124011180,89483,89483,UN,NA,0,1e-04,0.9999,0.9999,-1,0.999974,1,NA
MC.AMD103295@0123861208,MC.AMD103295@0123861208,90596,90596,UN,NA,0,1e-04,0.9999,1,-1,0.999983,1,NA
MC.AMD103301@0124010983,MC.AMD103301@0124010983,89430,89430,UN,NA,0,1e-04,0.9999,1,-1,0.999983,1,NA
MC.AMD103310@0124010042,MC.AMD103310@0124010042,89925,89925,UN,NA,2e-04,0,0.9998,0.9998,-1,0.999966,1,NA
MC.AMD103328@0124011272,MC.AMD103328@0124011272,91316,91316,UN,NA,0,0,1,1,-1,0.999983,1,NA
MC.AMD103330@0123911485,MC.AMD103330@0123911485,91241,91241,UN,NA,0,0,1,1,-1,0.999974,1,NA
MC.AMD103333@0124011141,MC.AMD103333@0124011141,89577,89577,UN,NA,0,0,1,1,-1,0.999983,1,NA
MC.AMD103347@0123859611,MC.AMD103347@0123859611,90173,90173,UN,NA,0,0,1,1,-1,0.999991,1,NA
MC.AMD103350@0123890934,MC.AMD103350@0123890934,90918,90918,UN,NA,2e-04,0,0.9998,0.9998,-1,0.999966,1,3790
MC.AMD103365@0123861654,MC.AMD103365@0123861654,91080,91080,UN,NA,0,0,1,1,-1,0.999983,1,NA
MC.AMD103395@0124011277,MC.AMD103395@0124011277,89760,89760,UN,NA,0,0,1,1,-1,0.999991,1,NA
MC.AMD103410@0124011204,MC.AMD103410@0124011204,89361,89361,UN,NA,0,0,1,1,-1,0.999991,1,NA
MC.AMD103414@0123911643,MC.AMD103414@0123911643,90484,90484,UN,NA,0,0,1,1,-1,0.999983,1,3790
MC.AMD103425@0123909046,MC.AMD103425@0123909046,90081,90081,UN,NA,0,0,1,1,-1,0.999991,1,NA
MC.AMD103432@0123911625,MC.AMD103432@0123911625,90448,90448,UN,NA,0,0,1,1,-1,0.999983,1,NA
MC.AMD103439@0124011118,MC.AMD103439@0124011118,91412,91412,UN,NA,0,0,1,1,-1,0.999983,1,NA
MC.AMD103460@0124008460,MC.AMD103460@0124008460,91354,91354,UN,NA,0,0,1,1,-1,1,1,NA
MC.AMD103461@0124011276,MC.AMD103461@0124011276,90920,90920,UN,NA,0,0,1,1,-1,0.999983,1,NA
MC.AMD103472@0124010995,MC.AMD103472@0124010995,90682,90682,UN,NA,0,2e-04,0.9998,0.9999,-1,0.999957,1,NA
MC.AMD103516@0123909873,MC.AMD103516@0123909873,90266,90266,UN,NA,0,0,1,1,-1,0.999974,1,NA
MC.AMD103524@0123908264,MC.AMD103524@0123908264,90326,90326,UN,NA,0,1e-04,0.9999,0.9999,-1,0.999974,1,NA
MC.AMD103527@0124014893,MC.AMD103527@0124014893,91414,91414,UN,NA,0,0,1,1,-1,0.999991,1,NA
MC.AMD103532@0123911647,MC.AMD103532@0123911647,89469,89469,UN,NA,0,1e-04,0.9999,1,-1,0.999983,1,NA
MC.AMD103540@0123911251,MC.AMD103540@0123911251,89379,89379,UN,NA,0,0,1,1,-1,0.999991,1,NA
MC.AMD103542@0123910254,MC.AMD103542@0123910254,89879,89879,UN,NA,2e-04,1e-04,0.9997,0.9997,-1,0.999914,1,NA
MC.AMD103557@0123861507,MC.AMD103557@0123861507,89753,89753,UN,NA,0,0,1,1,-1,1,1,NA
MC.AMD103574@0123911706,MC.AMD103574@0123911706,90849,90849,UN,NA,0,1e-04,0.9999,1,-1,0.999983,1,NA
MC.AMD103589@0123911538,MC.AMD103589@0123911538,90305,90305,UN,NA,0,0,1,1,-1,0.999974,1,3821
MC.AMD103608@0123909507,MC.AMD103608@0123909507,91029,91029,UN,NA,0,1e-04,0.9999,1,-1,0.999983,1,NA
MC.AMD103627@0124013753,MC.AMD103627@0124013753,90486,90486,UN,NA,0,0,1,1,-1,0.999991,1,NA
MC.AMD103678@0123861658,MC.AMD103678@0123861658,89961,89961,UN,NA,0,0,1,1,-1,0.999983,1,NA
MC.AMD103694@0123909043,MC.AMD103694@0123909043,89615,89615,UN,NA,0,0,1,1,-1,0.999974,1,NA
MC.AMD103709@0123861003,MC.AMD103709@0123861003,90764,90764,UN,NA,0,0,1,1,-1,0.999991,1,NA
MC.AMD103728@0123909407,MC.AMD103728@0123909407,89817,89817,UN,NA,0,1e-04,0.9999,0.9999,-1,0.999974,1,NA
MC.AMD103743@0123909586,MC.AMD103743@0123909586,91126,91126,UN,NA,0,0,1,1,-1,0.999974,1,NA
MC.AMD103773@0123909598,MC.AMD103773@0123909598,89587,89587,UN,NA,0,0,1,1,-1,0.999983,1,NA
MC.AMD103775@0123911682,MC.AMD103775@0123911682,90401,90401,UN,NA,0,0,1,1,-1,0.999974,1,NA
MC.AMD103799@0123909561,MC.AMD103799@0123909561,90524,90524,UN,NA,0,0,1,1,-1,0.999991,1,NA
MC.AMD103800@0124013715,MC.AMD103800@0124013715,89784,89784,UN,NA,0,0,1,1,-1,0.999974,1,3787
MC.AMD103819@0123909854,MC.AMD103819@0123909854,90383,90383,UN,NA,2e-04,0,0.9998,0.9998,-1,0.999966,1,NA
MC.AMD103835@0124011058,MC.AMD103835@0124011058,89929,89929,UN,NA,0,0,1,1,-1,0.999983,1,NA
MC.AMD103847@0123861584,MC.AMD103847@0123861584,90179,90179,UN,NA,0,0,1,1,-1,0.999974,1,NA
MC.AMD103851@0123861591,MC.AMD103851@0123861591,89892,89892,UN,NA,0,1e-04,0.9999,1,-1,0.999983,1,NA
MC.AMD103857@0124008388,MC.AMD103857@0124008388,90200,90200,UN,NA,0,0,1,1,-1,0.999983,1,3806
MC.AMD103878@0124011050,MC.AMD103878@0124011050,90031,90031,UN,NA,0,2e-04,0.9998,0.9999,-1,0.999957,1,NA
MC.AMD103891@0123861383,MC.AMD103891@0123861383,91042,91042,UN,NA,0,1e-04,0.9999,1,-1,0.999983,1,NA
MC.AMD103908@0124013683,MC.AMD103908@0124013683,90706,90706,UN,NA,0,0,1,1,-1,0.999974,1,NA
MC.AMD103927@0124011438,MC.AMD103927@0124011438,90642,90642,UN,NA,0,2e-04,0.9998,0.9999,-1,0.999966,1,NA
MC.AMD103973@0124010986,MC.AMD103973@0124010986,90996,90996,UN,NA,0,1e-04,0.9999,0.9999,-1,0.999974,1,NA
MC.AMD103993@0124014834,MC.AMD103993@0124014834,89394,89394,UN,NA,2e-04,0,0.9998,0.9998,-1,0.999966,1,3824
MC.AMD103998@0124011284,MC.AMD103998@0124011284,89731,89731,UN,NA,2e-04,0,0.9998,0.9998,-1,0.99994,1,NA
MC.AMD104004@0124011313,MC.AMD104004@0124011313,89621,89621,UN,NA,0,0,1,1,-1,0.999991,1,NA
MC.AMD104115@0123861158,MC.AMD104115@0123861158,90208,90208,UN,NA,0,1e-04,0.9999,0.9999,-1,0.999974,1,NA
MC.AMD104122@0123910225,MC.AMD104122@0123910225,91372,91372,UN,NA,0,0,1,1,-1,0.999974,1,3779
MC.AMD104144@0123890217,MC.AMD104144@0123890217,89916,89916,UN,NA,0,1e-04,0.9999,1,-1,0.999983,1,NA
MC.AMD104147@0123890848,MC.AMD104147@0123890848,90336,90336,UN,NA,2e-04,0.0023,0.9975,0.9986,-1,0.999525,1,3764
MC.AMD104155@0123889512,MC.AMD104155@0123889512,90514,90514,UN,NA,0,0,1,1,-1,0.999991,1,NA
MC.AMD104158@0124011282,MC.AMD104158@0124011282,90043,90043,UN,NA,0,0,1,1,-1,0.999974,1,NA
MC.AMD104182@0123909547,MC.AMD104182@0123909547,91233,91233,UN,NA,0,1e-04,0.9999,1,-1,0.999983,1,NA
MC.AMD104189@0123890222,MC.AMD104189@0123890222,89685,89685,UN,NA,2e-04,0,0.9998,0.9998,-1,0.999966,1,NA
MC.AMD104209@0124013464,MC.AMD104209@0124013464,90087,90087,UN,NA,0,0,1,1,-1,0.999991,1,NA
MC.AMD104213@0123890265,MC.AMD104213@0123890265,89535,89535,UN,NA,0,0,1,1,-1,0.999983,1,NA
MC.AMD104217@0123911327,MC.AMD104217@0123911327,90668,90668,UN,NA,0,0,1,1,-1,0.999983,1,NA
MC.AMD104220@0123861825,MC.AMD104220@0123861825,91035,91035,UN,NA,0,0,1,1,-1,0.999983,1,NA
MC.AMD104234@0123860978,MC.AMD104234@0123860978,91186,91186,UN,NA,0,0,1,1,-1,0.999991,1,NA
MC.AMD104237@0124010123,MC.AMD104237@0124010123,90248,90248,UN,NA,0,0,1,1,-1,0.999991,1,NA
MC.AMD104274@0124009912,MC.AMD104274@0124009912,91070,91070,UN,NA,0,0,1,1,-1,0.999983,1,NA
MC.AMD104299@0123908884,MC.AMD104299@0123908884,90905,90905,UN,NA,0,0,1,1,-1,0.999983,1,NA
MC.AMD104302@0123861176,MC.AMD104302@0123861176,89810,89810,UN,NA,0,1e-04,0.9999,1,-1,0.999983,1,NA
MC.AMD104372@0123861100,MC.AMD104372@0123861100,90700,90700,UN,NA,0,0,1,1,-1,0.999983,1,NA
MC.AMD104376@0124013466,MC.AMD104376@0124013466,90964,90964,UN,NA,0,0,1,1,-1,0.999983,1,NA
MC.AMD104377@0123908952,MC.AMD104377@0123908952,89481,89481,UN,NA,0,0,1,1,-1,0.999991,1,NA
MC.AMD104399@0124010083,MC.AMD104399@0124010083,90803,90803,UN,NA,0,0,1,1,-1,0.999983,1,NA
MC.AMD104407@0123910205,MC.AMD104407@0123910205,89836,89836,UN,NA,0,0,1,1,-1,0.999991,1,NA
MC.AMD104434@0124009867,MC.AMD104434@0124009867,91071,91071,UN,NA,0,0,1,1,-1,0.999974,1,3808
MC.AMD104443@0123889402,MC.AMD104443@0123889402,90805,90805,UN,NA,0,0,1,1,-1,0.999974,1,3799
MC.AMD104453@0124011470,MC.AMD104453@0124011470,90131,90131,UN,NA,0,0,1,1,-1,0.999991,1,NA
MC.AMD104458@0124010918,MC.AMD104458@0124010918,90844,90844,UN,NA,2e-04,0,0.9998,0.9998,-1,0.999949,1,3776
MC.AMD104461@0123890359,MC.AMD104461@0123890359,91222,91222,UN,NA,0,0,1,1,-1,0.999991,1,NA
MC.AMD104475@0124010106,MC.AMD104475@0124010106,90737,90737,UN,NA,0,0,1,1,-1,0.999991,1,NA
MC.AMD104481@0123890846,MC.AMD104481@0123890846,90679,90679,UN,NA,0,0,1,1,-1,0.999991,1,NA
MC.AMD104513@0123911627,MC.AMD104513@0123911627,89489,89489,UN,NA,0,0,1,1,-1,0.999983,1,3801
MC.AMD104515@0123911454,MC.AMD104515@0123911454,91329,91329,UN,NA,0,0,1,1,-1,1,1,NA
MC.AMD104528@0123909150,MC.AMD104528@0123909150,90265,90265,UN,NA,0,0,1,1,-1,0.999974,1,NA
MC.AMD104539@0123908344,MC.AMD104539@0123908344,91021,91021,UN,NA,0,0,1,1,-1,0.999991,1,NA
MC.AMD104547@0123908302,MC.AMD104547@0123908302,89820,89820,UN,NA,0,0,1,1,-1,0.999966,1,NA
MC.AMD104552@0123890321,MC.AMD104552@0123890321,90226,90226,UN,NA,0,0,1,1,-1,1,1,NA
MC.AMD104560@0124010984,MC.AMD104560@0124010984,89434,89434,UN,NA,0,0,1,1,-1,0.999991,1,NA
MC.AMD104567@0123908844,MC.AMD104567@0123908844,90621,90621,UN,NA,0,0,1,1,-1,0.999974,1,NA
MC.AMD104571@0123911678,MC.AMD104571@0123911678,90950,90950,UN,NA,0,0,1,1,-1,0.999991,1,NA
MC.AMD104615@0123909845,MC.AMD104615@0123909845,89468,89468,UN,NA,0,0,1,1,-1,0.999974,1,NA
MC.AMD104632@0123890967,MC.AMD104632@0123890967,90671,90671,UN,NA,0,0,1,1,-1,0.999983,1,NA
MC.AMD104688@0123861885,MC.AMD104688@0123861885,89782,89782,UN,NA,0,0,1,1,-1,0.999974,1,NA
MC.AMD104689@0123911321,MC.AMD104689@0123911321,91247,91247,UN,NA,0,0,1,1,-1,0.999983,1,NA
MC.AMD104726@0123911561,MC.AMD104726@0123911561,90584,90584,UN,NA,0,0,1,1,-1,0.999991,1,NA
MC.AMD104740@0123910531,MC.AMD104740@0123910531,90632,90632,UN,NA,2e-04,0,0.9998,0.9998,-1,0.999966,1,NA
MC.AMD104772@0124010931,MC.AMD104772@0124010931,89454,89454,UN,NA,0,0,1,1,-1,0.999974,1,NA
MC.AMD104774@0123908877,MC.AMD104774@0123908877,90398,90398,UN,NA,0,1e-04,0.9999,0.9999,-1,0.999974,1,NA
MC.AMD104780@0123907275,MC.AMD104780@0123907275,90974,90974,UN,NA,0,0,1,1,-1,0.999991,1,NA
MC.AMD104786@0123861670,MC.AMD104786@0123861670,89396,89396,UN,NA,0,0,1,1,-1,0.999983,1,NA
MC.AMD104796@0124011366,MC.AMD104796@0124011366,91320,91320,UN,NA,0,0,1,1,-1,0.999974,1,3803
MC.AMD104797@0123911218,MC.AMD104797@0123911218,90756,90756,UN,NA,0,0,1,1,-1,0.999974,1,3789
MC.AMD104818@0124010086,MC.AMD104818@0124010086,90611,90611,UN,NA,0,1e-04,0.9999,0.9999,-1,0.999974,1,NA
MC.AMD104827@0123859631,MC.AMD104827@0123859631,89388,89388,UN,NA,0,2e-04,0.9998,0.9999,-1,0.999966,1,NA
MC.AMD104847@0123861821,MC.AMD104847@0123861821,90609,90609,UN,NA,0,0,1,1,-1,0.999974,1,NA
MC.AMD104860@0124011030,MC.AMD104860@0124011030,91262,91262,UN,NA,0,0,1,1,-1,0.999974,1,NA
MC.AMD104870@0123890696,MC.AMD104870@0123890696,89717,89717,UN,NA,0,0,1,1,-1,0.999983,1,NA
MC.AMD104883@0124010026,MC.AMD104883@0124010026,91228,91228,UN,NA,0,0,1,1,-1,0.999983,1,3824
MC.AMD104897@0123890416,MC.AMD104897@0123890416,91153,91153,UN,NA,0,0,1,1,-1,1,1,NA
MC.AMD104920@0123861528,MC.AMD104920@0123861528,90615,90615,UN,NA,0,0,1,1,-1,0.999974,1,NA
MC.AMD104952@0123911483,MC.AMD104952@0123911483,89754,89754,UN,NA,0,0,1,1,-1,0.999974,1,NA
MC.AMD104966@0123910491,MC.AMD104966@0123910491,89619,89619,UN,NA,0,0,1,1,-1,0.999991,1,NA
MC.AMD105003@0123861107,MC.AMD105003@0123861107,89406,89406,UN,NA,0,1e-04,0.9999,1,-1,0.999983,1,NA
MC.AMD105015@0124011079,MC.AMD105015@0124011079,90678,90678,UN,NA,0,0,1,1,-1,0.999991,1,NA
MC.AMD105017@0123890854,MC.AMD105017@0123890854,90433,90433,UN,NA,0,0,1,1,-1,0.999991,1,NA
MC.AMD105054@0124008429,MC.AMD105054@0124008429,90385,90385,UN,NA,0,0,1,1,-1,0.999974,1,NA
MC.AMD105063@0123861175,MC.AMD105063@0123861175,89829,89829,UN,NA,2e-04,0,0.9998,0.9998,-1,0.999966,1,NA
MC.AMD105069@0123909039,MC.AMD105069@0123909039,90010,90010,UN,NA,0,1e-04,0.9999,1,-1,0.999983,1,NA
MC.AMD105106@0124010934,MC.AMD105106@0124010934,90126,90126,UN,NA,0,0,1,1,-1,0.999991,1,NA
MC.AMD105110@0124011361,MC.AMD105110@0124011361,90320,90320,UN,NA,0,0,1,1,-1,0.999991,1,NA
MC.AMD105133@0123907287,MC.AMD105133@0123907287,89385,89385,UN,NA,0,1e-04,0.9999,1,-1,0.999983,1,NA
MC.AMD105146@0123890389,MC.AMD105146@0123890389,91363,91363,UN,NA,0,0,1,1,-1,0.999991,1,NA
MC.AMD105164@0124014857,MC.AMD105164@0124014857,90768,90768,UN,NA,0,0,1,1,-1,0.999991,1,NA
MC.AMD105167@0123861018,MC.AMD105167@0123861018,89350,89350,UN,NA,0,0,1,1,-1,0.999983,1,NA
MC.AMD105175@0123861446,MC.AMD105175@0123861446,91069,91069,UN,NA,0,1e-04,0.9999,1,-1,0.999983,1,NA
MC.AMD105177@0123889389,MC.AMD105177@0123889389,90114,90114,UN,NA,0,0,1,1,-1,0.999991,1,NA
MC.AMD105192@0123909551,MC.AMD105192@0123909551,91001,91001,UN,NA,2e-04,0,0.9998,0.9998,-1,0.999966,1,NA
MC.AMD105198@0124011029,MC.AMD105198@0124011029,89672,89672,UN,NA,0,0,1,1,-1,0.999991,1,NA
MC.AMD105228@0123861352,MC.AMD105228@0123861352,90197,90197,UN,NA,0,1e-04,0.9999,1,-1,0.999983,1,NA
MC.AMD105253@0123909383,MC.AMD105253@0123909383,90419,90419,UN,NA,0,0,1,1,-1,0.999991,1,NA
MC.AMD105266@0123860993,MC.AMD105266@0123860993,90252,90252,UN,NA,0,0,1,1,-1,0.999991,1,NA
MC.AMD105285@0124010966,MC.AMD105285@0124010966,89795,89795,UN,NA,0,0,1,1,-1,0.999991,1,NA
MC.AMD105296@0124011103,MC.AMD105296@0124011103,91339,91339,UN,NA,0,1e-04,0.9999,1,-1,0.999983,1,NA
MC.AMD105327@0123910227,MC.AMD105327@0123910227,89532,89532,UN,NA,0,0,1,1,-1,0.999991,1,NA
MC.AMD105338@0123910224,MC.AMD105338@0123910224,90116,90116,UN,NA,0,1e-04,0.9999,1,-1,0.999983,1,NA
MC.AMD105366@0124010072,MC.AMD105366@0124010072,90299,90299,UN,NA,0,1e-04,0.9999,1,-1,0.999983,1,NA
MC.AMD105379@0123909076,MC.AMD105379@0123909076,90141,90141,UN,NA,0,0,1,1,-1,0.999991,1,NA
MC.AMD105414@0123908839,MC.AMD105414@0123908839,89839,89839,UN,NA,0,0,1,1,-1,0.999991,1,NA
MC.AMD105418@0123911529,MC.AMD105418@0123911529,90481,90481,UN,NA,0,0,1,1,-1,0.999991,1,NA
MC.AMD105432@0124009876,MC.AMD105432@0124009876,90290,90290,UN,NA,2e-04,0,0.9998,0.9998,-1,0.999966,1,NA
MC.AMD105442@0123890642,MC.AMD105442@0123890642,90122,90122,UN,NA,0,0,1,1,-1,1,1,NA
MC.AMD105463@0123908848,MC.AMD105463@0123908848,90654,90654,UN,NA,0,1e-04,0.9999,1,-1,0.999983,1,NA
MC.AMD105465@0123911478,MC.AMD105465@0123911478,90936,90936,UN,NA,0,0,1,1,-1,0.999974,1,NA
MC.AMD105474@0124011007,MC.AMD105474@0124011007,90550,90550,UN,NA,0,0,1,1,-1,1,1,NA
MC.AMD105523@0123909536,MC.AMD105523@0123909536,90762,90762,UN,NA,0,0,1,1,-1,0.999983,1,3806
MC.AMD105535@0124011004,MC.AMD105535@0124011004,90075,90075,UN,NA,0,0,1,1,-1,0.999983,1,NA
MC.AMD105627@0123861200,MC.AMD105627@0123861200,90711,90711,UN,NA,0,0,1,1,-1,0.999991,1,NA
MC.AMD105679@0123911547,MC.AMD105679@0123911547,90464,90464,UN,NA,0,0,1,1,-1,0.999991,1,NA
MC.AMD105741@0123909839,MC.AMD105741@0123909839,90704,90704,UN,NA,0,2e-04,0.9998,0.9999,-1,0.999957,1,NA
MC.AMD105743@0123911183,MC.AMD105743@0123911183,90627,90627,UN,NA,0,0,1,1,-1,0.999991,1,NA
MC.AMD105757@0123890325,MC.AMD105757@0123890325,89506,89506,UN,NA,0,1e-04,0.9999,1,-1,0.999983,1,NA
MC.AMD105769@0124014822,MC.AMD105769@0124014822,89625,89625,UN,NA,0,1e-04,0.9999,1,-1,0.999983,1,NA
MC.AMD105784@0124009864,MC.AMD105784@0124009864,90709,90709,UN,NA,0,0,1,1,-1,1,1,NA
MC.AMD105808@0123909869,MC.AMD105808@0123909869,90798,90798,UN,NA,0,0,1,1,-1,0.999983,1,3821
MC.AMD105813@0123909003,MC.AMD105813@0123909003,90540,90540,UN,NA,0,0,1,1,-1,0.999983,1,NA
MC.AMD105816@0123909151,MC.AMD105816@0123909151,91350,91350,UN,NA,0,0,1,1,-1,0.999991,1,NA
MC.AMD105831@0123890728,MC.AMD105831@0123890728,89903,89903,UN,NA,0,0,1,1,-1,0.999991,1,NA
MC.AMD105864@0123909537,MC.AMD105864@0123909537,90418,90418,UN,NA,0,0,1,1,-1,0.999983,1,NA
MC.AMD105920@0123889997,MC.AMD105920@0123889997,90954,90954,UN,NA,2e-04,0,0.9997,0.9997,-1,0.999923,1,NA
MC.AMD105972@0123861144,MC.AMD105972@0123861144,89852,89852,UN,NA,0,0,1,1,-1,0.999983,1,NA
MC.AMD105993@0123911637,MC.AMD105993@0123911637,90298,90298,UN,NA,0,0,1,1,-1,0.999983,1,NA
MC.AMD106001@0124010105,MC.AMD106001@0124010105,90641,90641,UN,NA,0,1e-04,0.9999,1,-1,0.999983,1,NA
MC.AMD106002@0123861632,MC.AMD106002@0123861632,90220,90220,UN,NA,0,0,1,1,-1,0.999966,1,NA
MC.AMD106014@0124011133,MC.AMD106014@0124011133,89875,89875,UN,NA,0,1e-04,0.9999,1,-1,0.999983,1,NA
MC.AMD106020@0123890263,MC.AMD106020@0123890263,91385,91385,UN,NA,0,1e-04,0.9999,1,-1,0.999983,1,NA
MC.AMD106071@0124011261,MC.AMD106071@0124011261,90718,90718,UN,NA,0,0,1,1,-1,0.999983,1,NA
MC.AMD106148@0124014885,MC.AMD106148@0124014885,90396,90396,UN,NA,0,0,1,1,-1,0.999974,1,NA
MC.AMD106209@0123909579,MC.AMD106209@0123909579,89712,89712,UN,NA,2e-04,0,0.9998,0.9998,-1,0.999957,1,NA
MC.AMD106247@0123889377,MC.AMD106247@0123889377,91276,91276,UN,NA,0,0,1,1,-1,0.999983,1,NA
MC.AMD106253@0123861643,MC.AMD106253@0123861643,90112,90112,UN,NA,0,0,1,1,-1,0.999991,1,NA
MC.AMD106265@0124011411,MC.AMD106265@0124011411,91256,91256,UN,NA,0,0,1,1,-1,0.999991,1,NA
MC.AMD106276@0123911302,MC.AMD106276@0123911302,89465,89465,UN,NA,0,0,1,1,-1,0.999983,1,NA
MC.AMD106288@0124011381,MC.AMD106288@0124011381,89764,89764,UN,NA,0,0,1,1,-1,0.999991,1,NA
MC.AMD106394@0123910194,MC.AMD106394@0123910194,91407,91407,UN,NA,0,1e-04,0.9999,1,-1,0.999983,1,NA
MC.AMD106435@0124011402,MC.AMD106435@0124011402,90953,90953,UN,NA,0,0,1,1,-1,0.999983,1,NA
MC.AMD106590@0123908371,MC.AMD106590@0123908371,90155,90155,UN,NA,0,1e-04,0.9999,0.9999,-1,0.999974,1,NA
MC.AMD106625@0124009871,MC.AMD106625@0124009871,90707,90707,UN,NA,0,0,1,1,-1,0.999974,1,3811
MC.AMD106731@0123911629,MC.AMD106731@0123911629,90606,90606,UN,NA,0,0,1,1,-1,0.999983,1,3791
MC.AMD106752@0123861347,MC.AMD106752@0123861347,89739,89739,UN,NA,0,1e-04,0.9999,1,-1,0.999983,1,NA
MC.AMD106785@0123909388,MC.AMD106785@0123909388,90447,90447,UN,NA,2e-04,0,0.9998,0.9998,-1,0.99994,1,NA
MC.AMD106786@0123909535,MC.AMD106786@0123909535,90478,90478,UN,NA,0,0,1,1,-1,0.999991,1,NA
MC.AMD106799@0123890558,MC.AMD106799@0123890558,90050,90050,UN,NA,0,0,1,1,-1,0.999991,1,NA
MC.AMD106862@0123909827,MC.AMD106862@0123909827,90009,90009,UN,NA,0,0,1,1,-1,0.999983,1,NA
MC.AMD106867@0123911308,MC.AMD106867@0123911308,91376,91376,UN,NA,0,0,1,1,-1,0.999991,1,NA
MC.AMD106917@0124010016,MC.AMD106917@0124010016,91314,91314,UN,NA,0,0,1,1,-1,1,1,NA
MC.AMD106967@0124014863,MC.AMD106967@0124014863,90906,90906,UN,NA,0,0,1,1,-1,0.999974,1,NA
MC.AMD107081@0123861855,MC.AMD107081@0123861855,90691,90691,UN,NA,0,0,1,1,-1,0.999974,1,NA
MC.AMD107111@0123861526,MC.AMD107111@0123861526,91125,91125,UN,NA,0,0,1,1,-1,0.999974,1,NA
MC.AMD107226@0123908908,MC.AMD107226@0123908908,90507,90507,UN,NA,0,1e-04,0.9999,1,-1,0.999983,1,NA
MC.AMD107256@0124013385,MC.AMD107256@0124013385,89814,89814,UN,NA,0,1e-04,0.9999,1,-1,0.999983,1,NA
MC.AMD107317@0123911378,MC.AMD107317@0123911378,90571,90571,UN,NA,0,0,1,1,-1,0.999974,1,NA
MC.AMD107321@0123890413,MC.AMD107321@0123890413,90030,90030,UN,NA,0,0,1,1,-1,0.999983,1,3816
MC.AMD107394@0123908958,MC.AMD107394@0123908958,91208,91208,UN,NA,0,0,1,1,-1,0.999991,1,NA
MC.AMD107399@0123861637,MC.AMD107399@0123861637,91037,91037,UN,NA,0,0,1,1,-1,0.999983,1,NA
MC.AMD107417@0123890882,MC.AMD107417@0123890882,91324,91324,UN,NA,0,0,1,1,-1,0.999949,1,3799
MC.AMD107512@0123911581,MC.AMD107512@0123911581,89620,89620,UN,NA,0,0,1,1,-1,0.999991,1,NA
MC.AMD107593@0123907256,MC.AMD107593@0123907256,89536,89536,UN,NA,0,1e-04,0.9999,1,-1,0.999983,1,NA
MC.AMD107604@0123911290,MC.AMD107604@0123911290,89772,89772,UN,NA,0,0,1,1,-1,0.999974,1,NA
MC.AMD107655@0123890329,MC.AMD107655@0123890329,90828,90828,UN,NA,0,0,1,1,-1,0.999983,1,3839
MC.AMD107696@0123910246,MC.AMD107696@0123910246,89540,89540,UN,NA,0,0,1,1,-1,0.999983,1,NA
MC.AMD107742@0123861330,MC.AMD107742@0123861330,89519,89519,UN,NA,2e-04,0,0.9998,0.9998,-1,0.999966,1,3765
MC.AMD107775@0123907254,MC.AMD107775@0123907254,90759,90759,UN,NA,2e-04,0,0.9998,0.9998,-1,0.999966,1,3790
MC.AMD107859@0123908990,MC.AMD107859@0123908990,89684,89684,UN,NA,0,0,1,1,-1,0.999991,1,NA
MC.AMD107926@0123861155,MC.AMD107926@0123861155,90800,90800,UN,NA,0,0,1,1,-1,0.999983,1,NA
MC.AMD107930@0124013735,MC.AMD107930@0124013735,90754,90754,UN,NA,0,1e-04,0.9999,1,-1,0.999983,1,NA
MC.AMD107937@0123861479,MC.AMD107937@0123861479,90281,90281,UN,NA,0,0,1,1,-1,0.999974,1,NA
MC.AMD107961@0123861789,MC.AMD107961@0123861789,90872,90872,UN,NA,0,0,1,1,-1,0.999991,1,NA
MC.AMD107986@0123909265,MC.AMD107986@0123909265,89970,89970,UN,NA,0,0,1,1,-1,0.999991,1,NA
MC.AMD108029@0123911517,MC.AMD108029@0123911517,89861,89861,UN,NA,0,0,1,1,-1,0.999991,1,NA
MC.AMD108113@0123890480,MC.AMD108113@0123890480,90664,90664,UN,NA,0,0,1,1,-1,0.999983,1,3787
MC.AMD108123@0123910552,MC.AMD108123@0123910552,89728,89728,UN,NA,0,0,1,1,-1,0.999974,1,3809
MC.AMD108173@0123908798,MC.AMD108173@0123908798,90492,90492,UN,NA,0,0,1,1,-1,0.999983,1,NA
MC.AMD108189@0124010119,MC.AMD108189@0124010119,89382,89382,UN,NA,0,0,1,1,-1,0.999991,1,NA
MC.AMD108215@0123908799,MC.AMD108215@0123908799,90702,90702,UN,NA,0,0,1,1,-1,0.999983,1,3812
MC.AMD108226@0123911247,MC.AMD108226@0123911247,91181,91181,UN,NA,0,0,1,1,-1,0.999991,1,NA
MC.AMD108228@0123908307,MC.AMD108228@0123908307,90535,90535,UN,NA,0,1e-04,0.9999,1,-1,0.999983,1,NA
MC.AMD108234@0123908783,MC.AMD108234@0123908783,90648,90648,UN,NA,0,0,1,1,-1,0.999991,1,NA
MC.AMD108246@0124009889,MC.AMD108246@0124009889,90233,90233,UN,NA,0,2e-04,0.9998,0.9999,-1,0.999957,1,NA
MC.AMD108348@0123909094,MC.AMD108348@0123909094,89901,89901,UN,NA,2e-04,1e-04,0.9997,0.9997,-1,0.999914,1,NA
MC.AMD108351@0123861686,MC.AMD108351@0123861686,89791,89791,UN,NA,0,1e-04,0.9999,1,-1,0.999983,1,NA
MC.AMD108425@0123861371,MC.AMD108425@0123861371,90427,90427,UN,NA,0,1e-04,0.9999,1,-1,0.999983,1,NA
MC.AMD108503@0123889808,MC.AMD108503@0123889808,90322,90322,UN,NA,0,1e-04,0.9999,1,-1,0.999983,1,NA
MC.AMD108507@0123890524,MC.AMD108507@0123890524,90364,90364,UN,NA,2e-04,0,0.9998,0.9998,-1,0.999957,1,3807
MC.AMD108527@0123890238,MC.AMD108527@0123890238,90455,90455,UN,NA,0,1e-04,0.9999,1,-1,0.999983,1,NA
MC.AMD108634@0123911554,MC.AMD108634@0123911554,90039,90039,UN,NA,0,1e-04,0.9999,1,-1,0.999983,1,NA
MC.AMD108639@0123861697,MC.AMD108639@0123861697,89888,89888,UN,NA,0,0,1,1,-1,1,1,NA
MC.AMD108663@0123908276,MC.AMD108663@0123908276,90358,90358,UN,NA,0,0,1,1,-1,0.999983,1,NA
MC.AMD108699@0124009877,MC.AMD108699@0124009877,90487,90487,UN,NA,0,0,1,1,-1,0.999991,1,NA
MC.AMD108737@0123890731,MC.AMD108737@0123890731,91005,91005,UN,NA,0,1e-04,0.9999,0.9999,-1,0.999974,1,NA
MC.AMD108796@0123861282,MC.AMD108796@0123861282,90763,90763,UN,NA,0,0,1,1,-1,0.999991,1,NA
MC.AMD108800@0123908343,MC.AMD108800@0123908343,90211,90211,UN,NA,0,0,1,1,-1,0.999983,1,NA
MC.AMD108845@0123861786,MC.AMD108845@0123861786,90198,90198,UN,NA,0,1e-04,0.9999,1,-1,0.999983,1,NA
MC.AMD108952@0123890344,MC.AMD108952@0123890344,89828,89828,UN,NA,2e-04,8e-04,0.999,0.9994,-1,0.999794,1,NA
MC.AMD108988@0124011001,MC.AMD108988@0124011001,90675,90675,UN,NA,2e-04,0,0.9998,0.9998,-1,0.999966,1,NA
MC.AMD109109@0123861232,MC.AMD109109@0123861232,90904,90904,UN,NA,0,0,1,1,-1,1,1,NA
MC.AMD109230@0123909853,MC.AMD109230@0123909853,89682,89682,UN,NA,0,0,1,1,-1,0.999983,1,NA
MC.AMD109408@0123911270,MC.AMD109408@0123911270,91349,91349,UN,NA,0,0,1,1,-1,0.999991,1,NA
MC.AMD109419@0124010133,MC.AMD109419@0124010133,89526,89526,UN,NA,0,0,1,1,-1,0.999991,1,NA
MC.AMD109476@0124011365,MC.AMD109476@0124011365,91404,91404,UN,NA,0,0,1,1,-1,0.999974,1,NA
MC.AMD109477@0124010991,MC.AMD109477@0124010991,90416,90416,UN,NA,0,0,1,1,-1,0.999983,1,NA
MC.AMD109516@0124011455,MC.AMD109516@0124011455,91077,91077,UN,NA,0,0,1,1,-1,1,1,NA
MC.AMD109569@0124013726,MC.AMD109569@0124013726,89629,89629,UN,NA,0,1e-04,0.9999,1,-1,0.999983,1,NA
MC.AMD109593@0123861214,MC.AMD109593@0123861214,89499,89499,UN,NA,2e-04,0,0.9998,0.9998,-1,0.999957,1,NA
MC.AMD109594@0123861538,MC.AMD109594@0123861538,89473,89473,UN,NA,0,0,1,1,-1,0.999957,1,3819
MC.AMD109642@0123909377,MC.AMD109642@0123909377,89733,89733,UN,NA,0,1e-04,0.9999,1,-1,0.999983,1,NA
MC.AMD109663@0123861800,MC.AMD109663@0123861800,90138,90138,UN,NA,0,0,1,1,-1,0.999974,1,NA
MC.AMD109685@0124013677,MC.AMD109685@0124013677,91353,91353,UN,NA,0,1e-04,0.9999,0.9999,-1,0.999974,1,NA
MC.AMD109707@0123859608,MC.AMD109707@0123859608,89656,89656,UN,NA,0,0,1,1,-1,0.999983,1,NA
MC.AMD109731@0124010029,MC.AMD109731@0124010029,91290,91290,UN,NA,0,0,1,1,-1,0.999983,1,NA
MC.AMD109733@0123909093,MC.AMD109733@0123909093,90415,90415,UN,NA,0,0,1,1,-1,0.999991,1,NA
MC.AMD109761@0123861290,MC.AMD109761@0123861290,90856,90856,UN,NA,0,0,1,1,-1,1,1,NA
MC.AMD109803@0123909327,MC.AMD109803@0123909327,89623,89623,UN,NA,0,0,1,1,-1,0.999991,1,NA
MC.AMD109820@0124010977,MC.AMD109820@0124010977,90316,90316,UN,NA,0,0,1,1,-1,0.999974,1,NA
MC.AMD109869@0124014820,MC.AMD109869@0124014820,90005,90005,UN,NA,0,1e-04,0.9999,1,-1,0.999983,1,NA
MC.AMD109895@0123861187,MC.AMD109895@0123861187,91179,91179,UN,NA,0,0,1,1,-1,0.999991,1,NA
MC.AMD109927@0123890715,MC.AMD109927@0123890715,91104,91104,UN,NA,2e-04,0,0.9998,0.9998,-1,0.999966,1,NA
MC.AMD110085@0123890522,MC.AMD110085@0123890522,90806,90806,UN,NA,0,1e-04,0.9999,1,-1,0.999983,1,NA
MC.AMD110215@0124011190,MC.AMD110215@0124011190,89443,89443,UN,NA,0,0,1,1,-1,0.999991,1,NA
MC.AMD110358@0123890479,MC.AMD110358@0123890479,90007,90007,UN,NA,0,7e-04,0.9993,0.9996,-1,0.99987,1,NA
MC.AMD110422@0124013383,MC.AMD110422@0124013383,90687,90687,UN,NA,0,0,1,1,-1,0.999983,1,NA
MC.AMD110427@0124009901,MC.AMD110427@0124009901,90240,90240,UN,NA,0,1e-04,0.9999,1,-1,0.999983,1,NA
MC.AMD110432@0124013417,MC.AMD110432@0124013417,89513,89513,UN,NA,0,0,1,1,-1,0.999983,1,NA
MC.AMD110518@0124010994,MC.AMD110518@0124010994,91046,91046,UN,NA,0,0,1,1,-1,0.999974,1,3805
MC.AMD110534@0123860985,MC.AMD110534@0123860985,91380,91380,UN,NA,0,0,1,1,-1,1,1,NA
MC.AMD110560@0123861343,MC.AMD110560@0123861343,90175,90175,UN,NA,0,0,1,1,-1,0.999983,1,NA
MC.AMD110632@0123890780,MC.AMD110632@0123890780,90580,90580,UN,NA,0,0,1,1,-1,1,1,NA
MC.AMD110652@0123861582,MC.AMD110652@0123861582,89808,89808,UN,NA,0,0,1,1,-1,1,1,NA
MC.AMD110664@0124011403,MC.AMD110664@0124011403,90734,90734,UN,NA,2e-04,0,0.9998,0.9998,-1,0.99994,1,NA
MC.AMD110684@0123908921,MC.AMD110684@0123908921,90588,90588,UN,NA,0,1e-04,0.9999,1,-1,0.999983,1,NA
MC.AMD110691@0124010141,MC.AMD110691@0124010141,91299,91299,UN,NA,0,1e-04,0.9999,1,-1,0.999983,1,NA
MC.AMD110738@0123889376,MC.AMD110738@0123889376,90077,90077,UN,NA,0,0,1,1,-1,0.999983,1,NA
MC.AMD110763@0123908317,MC.AMD110763@0123908317,89647,89647,UN,NA,0,0,1,1,-1,0.999974,1,NA
MC.AMD110893@0123861349,MC.AMD110893@0123861349,89427,89427,UN,NA,0,0,1,1,-1,0.999991,1,NA
MC.AMD110977@0123861433,MC.AMD110977@0123861433,89601,89601,UN,NA,0,0,1,1,-1,0.999991,1,NA
MC.AMD111116@0123889426,MC.AMD111116@0123889426,90331,90331,UN,NA,0,1e-04,0.9999,0.9999,-1,0.999974,1,NA
MC.AMD111272@0123909392,MC.AMD111272@0123909392,89811,89811,UN,NA,0,0,1,1,-1,0.999983,1,NA
MC.AMD111335@0123889945,MC.AMD111335@0123889945,89792,89792,UN,NA,2e-04,0,0.9998,0.9998,-1,0.999957,1,NA
MC.AMD111411@0123911542,MC.AMD111411@0123911542,89614,89614,UN,NA,0,1e-04,0.9999,1,-1,0.999983,1,NA
MC.AMD111439@0124012353,MC.AMD111439@0124012353,90919,90919,UN,NA,0,0,1,1,-1,0.999991,1,NA
MC.AMD111505@0123911396,MC.AMD111505@0123911396,90279,90279,UN,NA,0,0,1,1,-1,0.999983,1,NA
MC.AMD111550@0123911540,MC.AMD111550@0123911540,90001,90001,UN,NA,0,0,1,1,-1,0.999991,1,NA
MC.AMD111580@0123911475,MC.AMD111580@0123911475,91277,91277,UN,NA,0,0,1,1,-1,0.999974,1,NA
MC.AMD111630@0124013669,MC.AMD111630@0124013669,90914,90914,UN,NA,0,0,1,1,-1,0.999983,1,3812
MC.AMD111641@0124013713,MC.AMD111641@0124013713,90400,90400,UN,NA,0,0,1,1,-1,0.999974,1,3788
MC.AMD111651@0123908443,MC.AMD111651@0123908443,90224,90224,UN,NA,0,0,1,1,-1,0.999991,1,NA
MC.AMD111657@0123890313,MC.AMD111657@0123890313,91282,91282,UN,NA,0,1e-04,0.9999,1,-1,0.999983,1,NA
MC.AMD111671@0123908775,MC.AMD111671@0123908775,90020,90020,UN,NA,0,0,1,1,-1,0.999983,1,3806
MC.AMD111810@0124011309,MC.AMD111810@0124011309,89632,89632,UN,NA,0,0,1,1,-1,0.999983,1,NA
MC.AMD111819@0123861462,MC.AMD111819@0123861462,90057,90057,UN,NA,0,0,1,1,-1,0.999983,1,NA
MC.AMD111832@0124011377,MC.AMD111832@0124011377,90662,90662,UN,NA,0,1e-04,0.9999,1,-1,0.999983,1,NA
MC.AMD111864@0123861779,MC.AMD111864@0123861779,91004,91004,UN,NA,0,0,1,1,-1,0.999983,1,NA
MC.AMD111871@0124014892,MC.AMD111871@0124014892,90613,90613,UN,NA,0,0,1,1,-1,0.999974,1,3805
MC.AMD111880@0123861564,MC.AMD111880@0123861564,90276,90276,UN,NA,0,1e-04,0.9999,1,-1,0.999983,1,NA
MC.AMD111927@0123910922,MC.AMD111927@0123910922,91281,91281,UN,NA,0,1e-04,0.9999,1,-1,0.999983,1,NA
MC.AMD112112@0123908851,MC.AMD112112@0123908851,90790,90790,UN,NA,0,1e-04,0.9999,0.9999,-1,0.999974,1,NA
MC.AMD112136@0123909226,MC.AMD112136@0123909226,89340,89340,UN,NA,0,0,1,1,-1,0.999974,1,NA
MC.AMD112168@0123861261,MC.AMD112168@0123861261,90739,90739,UN,NA,0,1e-04,0.9999,1,-1,0.999983,1,NA
MC.AMD112235@0123911345,MC.AMD112235@0123911345,89946,89946,UN,NA,0,0,1,1,-1,0.999983,1,3819
MC.AMD112243@0123911225,MC.AMD112243@0123911225,89453,89453,UN,NA,0,0,1,1,-1,0.999983,1,NA
MC.AMD112424@0123889520,MC.AMD112424@0123889520,90733,90733,UN,NA,0,0,1,1,-1,0.999983,1,NA
MC.AMD112588@0123908741,MC.AMD112588@0123908741,89675,89675,UN,NA,0,0,1,1,-1,0.999983,1,NA
MC.AMD112715@0123909271,MC.AMD112715@0123909271,91258,91258,UN,NA,0,1e-04,0.9999,1,-1,0.999983,1,NA
MC.AMD112768@0123911193,MC.AMD112768@0123911193,89999,89999,UN,NA,0,1e-04,0.9999,0.9999,-1,0.999974,1,NA
MC.AMD112891@0123911356,MC.AMD112891@0123911356,90607,90607,UN,NA,0,0,1,1,-1,0.999991,1,NA
MC.AMD112902@0123909286,MC.AMD112902@0123909286,89874,89874,UN,NA,0,0,1,1,-1,0.999974,1,NA
MC.AMD113245@0123908959,MC.AMD113245@0123908959,90851,90851,UN,NA,0,7e-04,0.9993,0.9996,-1,0.999871,1,NA
MC.AMD113322@0123861793,MC.AMD113322@0123861793,90802,90802,UN,NA,0,0,1,1,-1,0.999991,1,NA
MC.AMD113400@0123908263,MC.AMD113400@0123908263,90783,90783,UN,NA,0,0,1,1,-1,0.999974,1,NA
MC.AMD113488@0124010207,MC.AMD113488@0124010207,91114,91114,UN,NA,0,1e-04,0.9999,1,-1,0.999983,1,NA
MC.AMD113516@0124011369,MC.AMD113516@0124011369,91207,91207,UN,NA,0,0,1,1,-1,0.999974,1,NA
MC.AMD113520@0123909045,MC.AMD113520@0123909045,91224,91224,UN,NA,0,0,1,1,-1,0.999983,1,NA
MC.AMD113532@0123910218,MC.AMD113532@0123910218,90338,90338,UN,NA,2e-04,2e-04,0.9995,0.9996,-1,0.999886,1,NA
MC.AMD113664@0124014871,MC.AMD113664@0124014871,91265,91265,UN,NA,0,0,1,1,-1,0.999991,1,NA
MC.AMD113673@0124010962,MC.AMD113673@0124010962,89700,89700,UN,NA,0,0,1,1,-1,0.999983,1,3811
MC.AMD113828@0124010169,MC.AMD113828@0124010169,90060,90060,UN,NA,0,0,1,1,-1,0.999983,1,3789
MC.AMD113906@0123890759,MC.AMD113906@0123890759,89346,89346,UN,NA,5e-04,5e-04,0.999,0.9993,-1,0.999769,1,3797
MC.AMD113927@0124010049,MC.AMD113927@0124010049,89484,89484,UN,NA,0,1e-04,0.9999,1,-1,0.999983,1,NA
MC.AMD113996@0123911613,MC.AMD113996@0123911613,90826,90826,UN,NA,0,0,1,1,-1,0.999966,1,3798
MC.AMD114134@0123861808,MC.AMD114134@0123861808,89345,89345,UN,NA,0,2e-04,0.9998,0.9999,-1,0.999957,1,NA
MC.AMD114169@0123909343,MC.AMD114169@0123909343,89909,89909,UN,NA,0,0,1,1,-1,0.999983,1,3791
MC.AMD114186@0123889748,MC.AMD114186@0123889748,90586,90586,UN,NA,0,0,1,1,-1,0.999983,1,NA
MC.AMD114213@0123911551,MC.AMD114213@0123911551,89474,89474,UN,NA,0,0,1,1,-1,0.999974,1,NA
MC.AMD114285@0123910195,MC.AMD114285@0123910195,91286,91286,UN,NA,0,0,1,1,-1,0.999974,1,NA
MC.AMD114332@0123861764,MC.AMD114332@0123861764,89900,89900,UN,NA,0,0,1,1,-1,0.999991,1,NA
MC.AMD114340@0124009870,MC.AMD114340@0124009870,90177,90177,UN,NA,0,0,1,1,-1,0.999991,1,NA
MC.AMD114403@0123890829,MC.AMD114403@0123890829,91313,91313,UN,NA,0,1e-04,0.9999,1,-1,0.999983,1,NA
MC.AMD114442@0123907252,MC.AMD114442@0123907252,89976,89976,UN,NA,0,2e-04,0.9998,0.9999,-1,0.999966,1,NA
MC.AMD114821@0123909048,MC.AMD114821@0123909048,90695,90695,UN,NA,0,0,1,1,-1,0.999991,1,NA
MC.AMD114822@0123909525,MC.AMD114822@0123909525,90894,90894,UN,NA,0,0,1,1,-1,0.999983,1,NA
MC.AMD114845@0123911351,MC.AMD114845@0123911351,89667,89667,UN,NA,0,0,1,1,-1,0.999991,1,NA
MC.AMD114874@0123911170,MC.AMD114874@0123911170,89630,89630,UN,NA,0,0,1,1,-1,0.999983,1,NA
MC.AMD114883@0124011230,MC.AMD114883@0124011230,89796,89796,UN,NA,0,0,1,1,-1,0.999974,1,NA
MC.AMD114941@0123909002,MC.AMD114941@0123909002,90978,90978,UN,NA,0,0,1,1,-1,1,1,NA
MC.AMD115056@0123908950,MC.AMD115056@0123908950,89766,89766,UN,NA,0,1e-04,0.9999,1,-1,0.999983,1,NA
MC.AMD115184@0123909249,MC.AMD115184@0123909249,89854,89854,UN,NA,0,0,1,1,-1,0.999983,1,NA
MC.AMD115276@0123861820,MC.AMD115276@0123861820,89853,89853,UN,NA,0,1e-04,0.9999,0.9999,-1,0.999974,1,NA
MC.AMD115315@0123890323,MC.AMD115315@0123890323,91139,91139,UN,NA,0,1e-04,0.9999,1,-1,0.999983,1,NA
MC.AMD115378@0124013682,MC.AMD115378@0124013682,91219,91219,UN,NA,0,0,1,1,-1,0.999974,1,NA
MC.AMD115420@0124010152,MC.AMD115420@0124010152,90951,90951,UN,NA,0,0,1,1,-1,1,1,NA
MC.AMD115553@0123909864,MC.AMD115553@0123909864,90680,90680,UN,NA,0,0,1,1,-1,0.999974,1,3799
MC.AMD115633@0124011121,MC.AMD115633@0124011121,89418,89418,UN,NA,2e-04,0,0.9998,0.9998,-1,0.999931,1,NA
MC.AMD115643@0123861813,MC.AMD115643@0123861813,91076,91076,UN,NA,0,1e-04,0.9999,1,-1,0.999983,1,NA
MC.AMD115709@0123890356,MC.AMD115709@0123890356,90291,90291,UN,NA,0,0,1,1,-1,0.999983,1,3810
MC.AMD116033@0123890377,MC.AMD116033@0123890377,90941,90941,UN,NA,0,0,1,1,-1,0.999983,1,NA
MC.AMD116272@0124013705,MC.AMD116272@0124013705,89486,89486,UN,NA,0,2e-04,0.9998,0.9999,-1,0.999966,1,NA
MC.AMD116357@0124010173,MC.AMD116357@0124010173,90421,90421,UN,NA,0,0,1,1,-1,0.999983,1,3795
MC.AMD116398@0123911704,MC.AMD116398@0123911704,90512,90512,UN,NA,0,5e-04,0.9995,0.9997,-1,0.999906,1,NA
MC.AMD116481@0123861836,MC.AMD116481@0123861836,90488,90488,UN,NA,0,0,1,1,-1,1,1,NA
MC.AMD116565@0123909102,MC.AMD116565@0123909102,91135,91135,UN,NA,0,0,1,1,-1,0.999991,1,NA
MC.AMD116682@0124013691,MC.AMD116682@0124013691,91043,91043,UN,NA,0,0,1,1,-1,0.999983,1,NA
MC.AMD116683@0124013449,MC.AMD116683@0124013449,90961,90961,UN,NA,0,0,1,1,-1,0.999991,1,NA
MC.AMD116776@0123911622,MC.AMD116776@0123911622,89863,89863,UN,NA,0,2e-04,0.9998,0.9999,-1,0.999966,1,NA
MC.AMD116797@0123909338,MC.AMD116797@0123909338,90391,90391,UN,NA,2e-04,0,0.9998,0.9998,-1,0.999966,1,NA
MC.AMD116798@0123861099,MC.AMD116798@0123861099,91158,91158,UN,NA,0,0,1,1,-1,0.999966,1,NA
MC.AMD116899@0124010094,MC.AMD116899@0124010094,89689,89689,UN,NA,0,0,1,1,-1,0.999983,1,3812
MC.AMD117134@0124011191,MC.AMD117134@0124011191,90870,90870,UN,NA,0,0,1,1,-1,0.999983,1,NA
MC.AMD117192@0123909183,MC.AMD117192@0123909183,91348,91348,UN,NA,0,0,1,1,-1,0.999974,1,NA
MC.AMD117219@0124010151,MC.AMD117219@0124010151,89392,89392,UN,NA,0,0,1,1,-1,0.999991,1,NA
MC.AMD117277@0123909184,MC.AMD117277@0123909184,91197,91197,UN,NA,2e-04,0,0.9998,0.9998,-1,0.999966,1,NA
MC.AMD117321@0123861420,MC.AMD117321@0123861420,90312,90312,UN,NA,0,0,1,1,-1,0.999991,1,NA
MC.AMD117454@0123908831,MC.AMD117454@0123908831,90735,90735,UN,NA,0,0,1,1,-1,0.999974,1,NA
MC.AMD117511@0123908956,MC.AMD117511@0123908956,89722,89722,UN,NA,0,0,1,1,-1,0.999966,1,3809
MC.AMD117571@0124011212,MC.AMD117571@0124011212,89984,89984,UN,NA,0,0,1,1,-1,0.999983,1,NA
MC.AMD117645@0124011331,MC.AMD117645@0124011331,90158,90158,UN,NA,0,1e-04,0.9999,1,-1,0.999983,1,NA
MC.AMD117908@0124010120,MC.AMD117908@0124010120,89868,89868,UN,NA,0,1e-04,0.9999,1,-1,0.999983,1,NA
MC.AMD117958@0123908846,MC.AMD117958@0123908846,90519,90519,UN,NA,0,1e-04,0.9999,1,-1,0.999983,1,NA
MC.AMD117993@0123911515,MC.AMD117993@0123911515,89585,89585,UN,NA,0,2e-04,0.9998,0.9999,-1,0.999966,1,NA
MC.AMD118006@0123861045,MC.AMD118006@0123861045,89744,89744,UN,NA,0,0,1,1,-1,0.999991,1,NA
MC.AMD118096@0123909087,MC.AMD118096@0123909087,90119,90119,UN,NA,0,0,1,1,-1,0.999983,1,NA
MC.AMD118518@0123909545,MC.AMD118518@0123909545,91018,91018,UN,NA,0,0,1,1,-1,0.999983,1,NA
MC.AMD118740@0123911710,MC.AMD118740@0123911710,89719,89719,UN,NA,0,0,1,1,-1,0.999991,1,NA
MC.AMD118808@0123908823,MC.AMD118808@0123908823,89902,89902,UN,NA,0,1e-04,0.9999,1,-1,0.999983,1,NA
MC.AMD118903@0123911150,MC.AMD118903@0123911150,89985,89985,UN,NA,0,0,1,1,-1,1,1,NA
MC.AMD118909@0123911310,MC.AMD118909@0123911310,90896,90896,UN,NA,0,0,1,1,-1,0.999974,1,NA
MC.AMD119148@0123889455,MC.AMD119148@0123889455,89669,89669,UN,NA,0,1e-04,0.9999,0.9999,-1,0.999974,1,NA
MC.AMD119595@0123908917,MC.AMD119595@0123908917,90457,90457,UN,NA,0,0,1,1,-1,0.999991,1,NA
MC.AMD119607@0123909235,MC.AMD119607@0123909235,90115,90115,UN,NA,0,1e-04,0.9999,1,-1,0.999983,1,NA
MC.AMD119717@0123861167,MC.AMD119717@0123861167,89948,89948,UN,NA,0,0,1,1,-1,0.999991,1,NA
MC.AMD119822@0124011114,MC.AMD119822@0124011114,90924,90924,UN,NA,0,1e-04,0.9999,0.9999,-1,0.999974,1,NA
MC.AMD119935@0123911287,MC.AMD119935@0123911287,90980,90980,UN,NA,0,1e-04,0.9999,0.9999,-1,0.999974,1,NA
MC.AMD119983@0123889760,MC.AMD119983@0123889760,90652,90652,UN,NA,0,0,1,1,-1,0.999991,1,NA
MC.AMD120126@0123909349,MC.AMD120126@0123909349,90643,90643,UN,NA,0,1e-04,0.9999,1,-1,0.999983,1,NA
MC.AMD120182@0124011221,MC.AMD120182@0124011221,90313,90313,UN,NA,0,1e-04,0.9999,1,-1,0.999983,1,NA
MC.AMD120423@0124014911,MC.AMD120423@0124014911,90792,90792,UN,NA,0,0,1,1,-1,0.999991,1,NA
MC.AMD120695@0124014854,MC.AMD120695@0124014854,89816,89816,UN,NA,0,4e-04,0.9996,0.9998,-1,0.999932,1,NA
MC.AMD121023@0123909283,MC.AMD121023@0123909283,90976,90976,UN,NA,0,0,1,1,-1,0.999983,1,NA
MC.AMD121030@0123910244,MC.AMD121030@0123910244,91390,91390,UN,NA,0,0,1,1,-1,0.999991,1,NA
MC.AMD121662@0124011130,MC.AMD121662@0124011130,90245,90245,UN,NA,0,0,1,1,-1,0.999991,1,NA
MC.AMD121871@0123911306,MC.AMD121871@0123911306,90745,90745,UN,NA,0,0,1,1,-1,0.999974,1,3802
MC.AMD121985@0124014828,MC.AMD121985@0124014828,90466,90466,UN,NA,0,0,1,1,-1,0.999991,1,NA
MC.AMD122011@0123908939,MC.AMD122011@0123908939,91234,91234,UN,NA,0,0,1,1,-1,0.999974,1,NA
MC.AMD122015@0124011348,MC.AMD122015@0124011348,90053,90053,UN,NA,0,0,1,1,-1,0.999983,1,3820
MC.AMD122694@0124010171,MC.AMD122694@0124010171,90626,90626,UN,NA,0,0,1,1,-1,0.999983,1,NA
MC.AMD123019@0124010075,MC.AMD123019@0124010075,91410,91410,UN,NA,0,1e-04,0.9999,1,-1,0.999983,1,NA
MC.AMD123217@0123908852,MC.AMD123217@0123908852,89769,89769,UN,NA,0,0,1,1,-1,0.999974,1,NA
MC.AMD123388@0124014852,MC.AMD123388@0124014852,91338,91338,UN,NA,0,0,1,1,-1,1,1,NA
MC.AMD123597@0123861065,MC.AMD123597@0123861065,90684,90684,UN,NA,2e-04,0,0.9998,0.9998,-1,0.999966,1,NA
MC.AMD123714@0124014836,MC.AMD123714@0124014836,89668,89668,UN,NA,0,0,1,1,-1,1,1,NA
MC.AMD123754@0123908922,MC.AMD123754@0123908922,90871,90871,UN,NA,0,0,1,1,-1,0.999983,1,NA
MC.AMD124372@0123861753,MC.AMD124372@0123861753,89896,89896,UN,NA,0,0,1,1,-1,0.999991,1,NA
MC.AMD124430@0123911666,MC.AMD124430@0123911666,89920,89920,UN,NA,2e-04,0,0.9998,0.9998,-1,0.999966,1,NA
MC.AMD124437@0123890719,MC.AMD124437@0123890719,89584,89584,UN,NA,0,0,1,1,-1,0.999974,1,3792
MC.AMD124490@0123890000,MC.AMD124490@0123890000,90443,90443,UN,NA,0,0,1,1,-1,0.999983,1,NA
MC.AMD124595@0123911332,MC.AMD124595@0123911332,89958,89958,UN,NA,0,0,1,1,-1,1,1,NA
MC.AMD126000@0124011351,MC.AMD126000@0124011351,91202,91202,UN,NA,0,0,1,1,-1,0.999974,1,NA
MC.AMD126611@0124011128,MC.AMD126611@0124011128,90103,90103,UN,NA,0,1e-04,0.9999,1,-1,0.999983,1,NA
MC.AMD126968@0123861421,MC.AMD126968@0123861421,89349,89349,UN,NA,0,0,1,1,-1,0.999983,1,NA
MC.AMD126984@0123890506,MC.AMD126984@0123890506,91053,91053,UN,NA,0,3e-04,0.9997,0.9998,-1,0.99994,1,NA
MC.AMD127727@0123861224,MC.AMD127727@0123861224,90451,90451,UN,NA,0,1e-04,0.9999,1,-1,0.999983,1,NA
MC.AMD128204@0123910467,MC.AMD128204@0123910467,90283,90283,UN,NA,0,0,1,1,-1,0.999991,1,NA
MC.AMD128286@0123890714,MC.AMD128286@0123890714,91368,91368,UN,NA,0,1e-04,0.9999,1,-1,0.999983,1,NA
MC.AMD128348@0123890944,MC.AMD128348@0123890944,90521,90521,UN,NA,0,0,1,1,-1,0.999991,1,NA
MC.AMD128467@0123890624,MC.AMD128467@0123890624,89905,89905,UN,NA,0,0,1,1,-1,0.999991,1,NA
MC.AMD128490@0123908352,MC.AMD128490@0123908352,89977,89977,UN,NA,0,1e-04,0.9999,0.9999,-1,0.999974,1,NA
MC.AMD128686@0123910468,MC.AMD128686@0123910468,91416,91416,UN,NA,0,0,1,1,-1,0.999983,1,NA
MC.AMD130020@0123910915,MC.AMD130020@0123910915,89941,89941,UN,NA,0,0,1,1,-1,0.999983,1,NA
MC.AMD130097@0123908432,MC.AMD130097@0123908432,90012,90012,UN,NA,0,0,1,1,-1,1,1,NA
MC.AMD130487@0123909319,MC.AMD130487@0123909319,90454,90454,UN,NA,0,5e-04,0.9995,0.9998,-1,0.999914,1,NA
MC.AMD130590@0123908951,MC.AMD130590@0123908951,89369,89369,UN,NA,0,1e-04,0.9999,1,-1,0.999983,1,NA
MC.AMD132938@0123911234,MC.AMD132938@0123911234,90090,90090,UN,NA,2e-04,0,0.9998,0.9998,-1,0.999949,1,NA
MC.AMD133012@0123909215,MC.AMD133012@0123909215,89917,89917,UN,NA,0,0,1,1,-1,0.999983,1,3753
MC.AMD134000@0123890803,MC.AMD134000@0123890803,90002,90002,UN,NA,0,0,1,1,-1,0.999983,1,NA
MC.AMD134390@0123908373,MC.AMD134390@0123908373,89798,89798,UN,NA,0,0,1,1,-1,0.999991,1,NA
MC.AMD135257@0123890958,MC.AMD135257@0123890958,89959,89959,UN,NA,0,1e-04,0.9999,0.9999,-1,0.999974,1,NA
MC.AMD135404@0123861515,MC.AMD135404@0123861515,89358,89358,UN,NA,0,0,1,1,-1,0.999991,1,NA
MC.AMD135447@0123890562,MC.AMD135447@0123890562,90380,90380,UN,NA,0,0,1,1,-1,0.999974,1,3800
MC.AMD135718@0123861663,MC.AMD135718@0123861663,89651,89651,UN,NA,0,0,1,1,-1,0.999983,1,NA
MC.AMD135719@0124011185,MC.AMD135719@0124011185,90074,90074,UN,NA,0,0,1,1,-1,0.999991,1,NA
MC.AMD135720@0123861664,MC.AMD135720@0123861664,90985,90985,UN,NA,0,0,1,1,-1,0.999966,1,NA
MC.AMD135906@0123889441,MC.AMD135906@0123889441,90369,90369,UN,NA,0,0,1,1,-1,1,1,NA
MC.AMD136834@0123907293,MC.AMD136834@0123907293,91235,91235,UN,NA,2e-04,0,0.9998,0.9998,-1,0.999966,1,NA
MC.AMD137551@0124015137,MC.AMD137551@0124015137,90021,90021,UN,NA,0,0,1,1,-1,0.999991,1,NA
MC.AMD137553@0124015123,MC.AMD137553@0124015123,90500,90500,UN,NA,0,0,1,1,-1,1,1,NA
MC.AMD137559@0124014226,MC.AMD137559@0124014226,91195,91195,UN,NA,0,0,1,1,-1,0.999974,1,NA
MC.AMD137568@0124014210,MC.AMD137568@0124014210,89515,89515,UN,NA,0,0,1,1,-1,1,1,NA
MC.AMD137569@0124015155,MC.AMD137569@0124015155,90766,90766,UN,NA,0,0,1,1,-1,1,1,NA
MC.AMD137570@0124014194,MC.AMD137570@0124014194,91164,91164,UN,NA,0,1e-04,0.9999,1,-1,0.999983,1,NA
MC.AMD137571@0124015150,MC.AMD137571@0124015150,90355,90355,UN,NA,0,0,1,1,-1,0.999974,1,NA
MC.AMD137574@0124014223,MC.AMD137574@0124014223,90329,90329,UN,NA,0,0,1,1,-1,0.999983,1,3815
MC.AMD137576@0124015120,MC.AMD137576@0124015120,90373,90373,UN,NA,0,1e-04,0.9999,1,-1,0.999983,1,NA
MC.AMD137579@0124014225,MC.AMD137579@0124014225,89892,89892,UN,NA,0,1e-04,0.9999,1,-1,0.999983,1,NA
MC.AMD137581@0124015106,MC.AMD137581@0124015106,89916,89916,UN,NA,0,0,1,1,-1,0.999991,1,NA
MC.AMD137591@0124015163,MC.AMD137591@0124015163,89861,89861,UN,NA,0,1e-04,0.9999,1,-1,0.999983,1,NA
MC.AMD137599@0124015126,MC.AMD137599@0124015126,91290,91290,UN,NA,0,0,1,1,-1,1,1,NA
MC.AMD137603@0124014230,MC.AMD137603@0124014230,89427,89427,UN,NA,0,0,1,1,-1,0.999991,1,NA
MC.AMD137605@0124015115,MC.AMD137605@0124015115,91282,91282,UN,NA,0,1e-04,0.9999,1,-1,0.999983,1,NA
